image_id,class,global_detected,tiled_detected,hybrid_detected
Contact_0_sslo_png_jpg.rf.4cb071a566c5fb06fd1f597700261198.jpg,0,False,False,False
Contact_0_sslo_png_jpg.rf.4cb071a566c5fb06fd1f597700261198.jpg,0,False,False,False
Contact_0_sslo_png_jpg.rf.4cb071a566c5fb06fd1f597700261198.jpg,0,False,False,False
Contact_100_sslo_png_jpg.rf.0cdc1f62ac0c8580ad86b626c53b6374.jpg,0,False,False,False
Contact_100_sslo_png_jpg.rf.0cdc1f62ac0c8580ad86b626c53b6374.jpg,0,False,False,False
Contact_100_sslo_png_jpg.rf.0cdc1f62ac0c8580ad86b626c53b6374.jpg,0,False,False,False
Contact_100_sslo_png_jpg.rf.0cdc1f62ac0c8580ad86b626c53b6374.jpg,0,False,False,False
Contact_100_sslo_png_jpg.rf.0cdc1f62ac0c8580ad86b626c53b6374.jpg,0,False,False,False
Contact_100_sslo_png_jpg.rf.0cdc1f62ac0c8580ad86b626c53b6374.jpg,0,False,False,False
Contact_100_sslo_png_jpg.rf.0cdc1f62ac0c8580ad86b626c53b6374.jpg,0,False,False,False
Contact_103_sslo_png_jpg.rf.53fe66a3739b5f18e390901f89cf481e.jpg,0,False,False,False
Contact_103_sslo_png_jpg.rf.53fe66a3739b5f18e390901f89cf481e.jpg,0,False,False,False
Contact_103_sslo_png_jpg.rf.53fe66a3739b5f18e390901f89cf481e.jpg,0,True,True,True
Contact_104_sslo_png_jpg.rf.22e4adfcabfab6cc53f6c4ec51d4099d.jpg,0,False,False,False
Contact_104_sslo_png_jpg.rf.22e4adfcabfab6cc53f6c4ec51d4099d.jpg,0,False,False,False
Contact_105_sslo_png_jpg.rf.4ef20d167e305a8cd5713496355c6f40.jpg,0,False,False,False
Contact_105_sslo_png_jpg.rf.4ef20d167e305a8cd5713496355c6f40.jpg,0,False,True,False
Contact_105_sslo_png_jpg.rf.4ef20d167e305a8cd5713496355c6f40.jpg,0,False,False,False
Contact_105_sslo_png_jpg.rf.4ef20d167e305a8cd5713496355c6f40.jpg,0,True,True,True
Contact_106_sslo_png_jpg.rf.c31dd588a8787b9aae6720c3b27be6d0.jpg,0,False,False,False
Contact_106_sslo_png_jpg.rf.c31dd588a8787b9aae6720c3b27be6d0.jpg,0,False,False,False
Contact_106_sslo_png_jpg.rf.c31dd588a8787b9aae6720c3b27be6d0.jpg,0,False,False,False
Contact_106_sslo_png_jpg.rf.c31dd588a8787b9aae6720c3b27be6d0.jpg,0,True,True,True
Contact_107_sslo_png_jpg.rf.339273b6c8d402e500d5dd1ba9452fba.jpg,0,False,False,False
Contact_107_sslo_png_jpg.rf.339273b6c8d402e500d5dd1ba9452fba.jpg,0,True,True,True
Contact_108_sslo_png_jpg.rf.5358024cba9d3098fcb53c2c139429b1.jpg,0,False,False,False
Contact_108_sslo_png_jpg.rf.5358024cba9d3098fcb53c2c139429b1.jpg,0,False,False,False
Contact_109_sslo_png_jpg.rf.7f331d2fcb450607b5ef7794f128f0a9.jpg,0,False,False,False
Contact_109_sslo_png_jpg.rf.7f331d2fcb450607b5ef7794f128f0a9.jpg,0,False,False,False
Contact_109_sslo_png_jpg.rf.7f331d2fcb450607b5ef7794f128f0a9.jpg,0,False,False,False
Contact_10_sslo_png_jpg.rf.529b8a6bcd2a86258aad9ef540adea8d.jpg,0,False,False,False
Contact_110_sslo_png_jpg.rf.e05f108c4bfb1d7d60c8591cbd1fd532.jpg,0,False,False,False
Contact_110_sslo_png_jpg.rf.e05f108c4bfb1d7d60c8591cbd1fd532.jpg,0,False,False,False
Contact_110_sslo_png_jpg.rf.e05f108c4bfb1d7d60c8591cbd1fd532.jpg,0,False,False,False
Contact_111_sslo_png_jpg.rf.695d96ebb01d737b499fa550f32a2a0d.jpg,0,False,False,False
Contact_111_sslo_png_jpg.rf.695d96ebb01d737b499fa550f32a2a0d.jpg,0,False,False,False
Contact_111_sslo_png_jpg.rf.695d96ebb01d737b499fa550f32a2a0d.jpg,0,False,False,False
Contact_111_sslo_png_jpg.rf.695d96ebb01d737b499fa550f32a2a0d.jpg,0,False,False,False
Contact_111_sslo_png_jpg.rf.695d96ebb01d737b499fa550f32a2a0d.jpg,0,False,False,False
Contact_112_sslo_png_jpg.rf.d34deb5ac22fbe98e44a7cad964c4f48.jpg,0,False,False,False
Contact_112_sslo_png_jpg.rf.d34deb5ac22fbe98e44a7cad964c4f48.jpg,0,False,False,False
Contact_112_sslo_png_jpg.rf.d34deb5ac22fbe98e44a7cad964c4f48.jpg,0,False,False,False
Contact_112_sslo_png_jpg.rf.d34deb5ac22fbe98e44a7cad964c4f48.jpg,0,False,False,False
Contact_113_sslo_png_jpg.rf.17504122d503a9916c541cad396b5ca4.jpg,0,False,False,False
Contact_113_sslo_png_jpg.rf.17504122d503a9916c541cad396b5ca4.jpg,0,False,False,False
Contact_113_sslo_png_jpg.rf.17504122d503a9916c541cad396b5ca4.jpg,0,False,False,False
Contact_113_sslo_png_jpg.rf.17504122d503a9916c541cad396b5ca4.jpg,0,False,False,False
Contact_114_sslo_png_jpg.rf.b7a812b4b15d62c561e512cb4f721ef7.jpg,0,False,False,False
Contact_114_sslo_png_jpg.rf.b7a812b4b15d62c561e512cb4f721ef7.jpg,0,False,False,False
Contact_114_sslo_png_jpg.rf.b7a812b4b15d62c561e512cb4f721ef7.jpg,0,False,False,False
Contact_115_sslo_png_jpg.rf.da2594e42e935d6a2d2133e289af0d35.jpg,0,False,False,False
Contact_115_sslo_png_jpg.rf.da2594e42e935d6a2d2133e289af0d35.jpg,0,False,False,False
Contact_117_sslo_png_jpg.rf.94b35549ced0905e0968730f4e9ea858.jpg,0,False,False,False
Contact_117_sslo_png_jpg.rf.94b35549ced0905e0968730f4e9ea858.jpg,0,False,False,False
Contact_117_sslo_png_jpg.rf.94b35549ced0905e0968730f4e9ea858.jpg,0,False,False,False
Contact_117_sslo_png_jpg.rf.94b35549ced0905e0968730f4e9ea858.jpg,0,True,True,True
Contact_118_sslo_png_jpg.rf.4aca3017d83cbe609eb3ec6fea5b91b2.jpg,0,False,False,False
Contact_118_sslo_png_jpg.rf.4aca3017d83cbe609eb3ec6fea5b91b2.jpg,0,False,False,False
Contact_118_sslo_png_jpg.rf.4aca3017d83cbe609eb3ec6fea5b91b2.jpg,0,False,False,False
Contact_118_sslo_png_jpg.rf.4aca3017d83cbe609eb3ec6fea5b91b2.jpg,0,False,False,False
Contact_119_sslo_png_jpg.rf.4c2492bd8e10b6a7898f482dfcabd73f.jpg,0,False,False,False
Contact_119_sslo_png_jpg.rf.4c2492bd8e10b6a7898f482dfcabd73f.jpg,0,False,False,False
Contact_119_sslo_png_jpg.rf.4c2492bd8e10b6a7898f482dfcabd73f.jpg,0,True,True,True
Contact_11_sslo_png_jpg.rf.d776617667e28e22c20a0405eb2f1637.jpg,0,False,False,False
Contact_120_sslo_png_jpg.rf.4d826f36d2eecef24700167a21371eae.jpg,0,False,False,False
Contact_120_sslo_png_jpg.rf.4d826f36d2eecef24700167a21371eae.jpg,0,False,False,False
Contact_121_sslo_png_jpg.rf.04eb9993440bcab5e32fe871f324ac47.jpg,0,False,False,False
Contact_122_sslo_png_jpg.rf.79583dd16b420e8033ceb62c1a02a61c.jpg,0,False,False,False
Contact_122_sslo_png_jpg.rf.79583dd16b420e8033ceb62c1a02a61c.jpg,0,False,False,False
Contact_122_sslo_png_jpg.rf.79583dd16b420e8033ceb62c1a02a61c.jpg,0,False,False,False
Contact_122_sslo_png_jpg.rf.79583dd16b420e8033ceb62c1a02a61c.jpg,0,False,False,False
Contact_123_sslo_png_jpg.rf.59213a19ec3114f58cd1bf309b76a149.jpg,0,True,True,True
Contact_125_sslo_png_jpg.rf.34710c3225d8aadc92572a3c42ee3263.jpg,0,False,False,False
Contact_125_sslo_png_jpg.rf.34710c3225d8aadc92572a3c42ee3263.jpg,0,False,False,False
Contact_125_sslo_png_jpg.rf.34710c3225d8aadc92572a3c42ee3263.jpg,0,False,True,False
Contact_126_sslo_png_jpg.rf.21b2b48bb21310883f8f7d3c3ad4823b.jpg,0,False,False,False
Contact_126_sslo_png_jpg.rf.21b2b48bb21310883f8f7d3c3ad4823b.jpg,0,False,False,False
Contact_127_sslo_png_jpg.rf.899efe513bad544a469ca01914d8164e.jpg,0,False,False,False
Contact_127_sslo_png_jpg.rf.899efe513bad544a469ca01914d8164e.jpg,0,False,False,False
Contact_127_sslo_png_jpg.rf.899efe513bad544a469ca01914d8164e.jpg,0,False,False,False
Contact_127_sslo_png_jpg.rf.899efe513bad544a469ca01914d8164e.jpg,0,False,True,False
Contact_127_sslo_png_jpg.rf.899efe513bad544a469ca01914d8164e.jpg,0,False,False,False
Contact_128_sslo_png_jpg.rf.1ce473be33583a035cc0493c438418b3.jpg,0,False,False,False
Contact_128_sslo_png_jpg.rf.1ce473be33583a035cc0493c438418b3.jpg,0,False,False,False
Contact_128_sslo_png_jpg.rf.1ce473be33583a035cc0493c438418b3.jpg,0,False,False,False
Contact_129_sslo_png_jpg.rf.da789eea96d6024848fa86c872748412.jpg,0,False,False,False
Contact_129_sslo_png_jpg.rf.da789eea96d6024848fa86c872748412.jpg,0,False,False,False
Contact_12_sslo_png_jpg.rf.2588eedc889483f47efb3d6858d03a04.jpg,0,False,False,False
Contact_12_sslo_png_jpg.rf.2588eedc889483f47efb3d6858d03a04.jpg,0,False,False,False
Contact_131_sslo_png_jpg.rf.ebe423e8b045a25f2679460db018eeb8.jpg,0,True,True,True
Contact_131_sslo_png_jpg.rf.ebe423e8b045a25f2679460db018eeb8.jpg,0,True,True,True
Contact_132_sslo_png_jpg.rf.16f7ee558728e384fe26e0debdb4cd1e.jpg,0,True,True,True
Contact_132_sslo_png_jpg.rf.16f7ee558728e384fe26e0debdb4cd1e.jpg,0,True,True,True
Contact_133_sslo_png_jpg.rf.a720d77609fd9bf62f92b2732d4b7e50.jpg,0,True,True,True
Contact_133_sslo_png_jpg.rf.a720d77609fd9bf62f92b2732d4b7e50.jpg,0,True,True,True
Contact_134_sslo_png_jpg.rf.b81da38c8b898b126f81208baa1ab774.jpg,0,True,True,True
Contact_135_sslo_png_jpg.rf.e58b8f763bb359ba34fe49d16c7482de.jpg,0,True,True,True
Contact_135_sslo_png_jpg.rf.e58b8f763bb359ba34fe49d16c7482de.jpg,0,True,True,True
Contact_136_sslo_png_jpg.rf.5bb7403cec50afcd9b082cb9b696df28.jpg,0,True,True,True
Contact_137_sslo_png_jpg.rf.34a13ecf55e59a7135fe5a14dc177968.jpg,0,True,True,True
Contact_137_sslo_png_jpg.rf.34a13ecf55e59a7135fe5a14dc177968.jpg,0,True,True,True
Contact_137_sslo_png_jpg.rf.34a13ecf55e59a7135fe5a14dc177968.jpg,0,False,False,False
Contact_137_sslo_png_jpg.rf.34a13ecf55e59a7135fe5a14dc177968.jpg,0,False,False,False
Contact_138_sslo_png_jpg.rf.b38260a02ddbda32c714df014ccd5f43.jpg,0,True,True,True
Contact_138_sslo_png_jpg.rf.b38260a02ddbda32c714df014ccd5f43.jpg,0,True,False,True
Contact_138_sslo_png_jpg.rf.b38260a02ddbda32c714df014ccd5f43.jpg,0,False,False,False
Contact_138_sslo_png_jpg.rf.b38260a02ddbda32c714df014ccd5f43.jpg,0,False,False,False
Contact_139_sslo_png_jpg.rf.be225fb980a851d505a47e0eecbcc7a1.jpg,0,False,True,False
Contact_139_sslo_png_jpg.rf.be225fb980a851d505a47e0eecbcc7a1.jpg,0,False,True,False
Contact_139_sslo_png_jpg.rf.be225fb980a851d505a47e0eecbcc7a1.jpg,0,True,True,True
Contact_139_sslo_png_jpg.rf.be225fb980a851d505a47e0eecbcc7a1.jpg,0,True,True,True
Contact_139_sslo_png_jpg.rf.be225fb980a851d505a47e0eecbcc7a1.jpg,0,False,False,False
Contact_13_sslo_png_jpg.rf.3f815e970a799a397e8bc9714126e61e.jpg,0,False,False,False
Contact_13_sslo_png_jpg.rf.3f815e970a799a397e8bc9714126e61e.jpg,0,True,True,True
Contact_140_sslo_png_jpg.rf.a58b2c7d91d4b77ff43c0d236e42baf8.jpg,0,True,True,True
Contact_140_sslo_png_jpg.rf.a58b2c7d91d4b77ff43c0d236e42baf8.jpg,0,False,True,False
Contact_140_sslo_png_jpg.rf.a58b2c7d91d4b77ff43c0d236e42baf8.jpg,0,True,True,True
Contact_140_sslo_png_jpg.rf.a58b2c7d91d4b77ff43c0d236e42baf8.jpg,0,True,True,True
Contact_140_sslo_png_jpg.rf.a58b2c7d91d4b77ff43c0d236e42baf8.jpg,0,False,False,False
Contact_140_sslo_png_jpg.rf.a58b2c7d91d4b77ff43c0d236e42baf8.jpg,0,False,False,False
Contact_141_sslo_png_jpg.rf.2ff3cc338f3474dded33b55b8081dc9d.jpg,0,False,False,False
Contact_141_sslo_png_jpg.rf.2ff3cc338f3474dded33b55b8081dc9d.jpg,0,False,False,False
Contact_141_sslo_png_jpg.rf.2ff3cc338f3474dded33b55b8081dc9d.jpg,0,True,True,True
Contact_141_sslo_png_jpg.rf.2ff3cc338f3474dded33b55b8081dc9d.jpg,0,False,False,False
Contact_141_sslo_png_jpg.rf.2ff3cc338f3474dded33b55b8081dc9d.jpg,0,True,True,True
Contact_142_sslo_png_jpg.rf.1d88f3ead8c4b12fa9fbb5d10e327798.jpg,0,True,True,True
Contact_142_sslo_png_jpg.rf.1d88f3ead8c4b12fa9fbb5d10e327798.jpg,0,False,True,False
Contact_142_sslo_png_jpg.rf.1d88f3ead8c4b12fa9fbb5d10e327798.jpg,0,True,True,True
Contact_142_sslo_png_jpg.rf.1d88f3ead8c4b12fa9fbb5d10e327798.jpg,0,True,True,True
Contact_142_sslo_png_jpg.rf.1d88f3ead8c4b12fa9fbb5d10e327798.jpg,0,True,True,True
Contact_143_sslo_png_jpg.rf.aca41af4fb4ec7204639a5f5e7bd048b.jpg,0,False,False,False
Contact_143_sslo_png_jpg.rf.aca41af4fb4ec7204639a5f5e7bd048b.jpg,0,False,False,False
Contact_143_sslo_png_jpg.rf.aca41af4fb4ec7204639a5f5e7bd048b.jpg,0,True,True,True
Contact_143_sslo_png_jpg.rf.aca41af4fb4ec7204639a5f5e7bd048b.jpg,0,False,False,False
Contact_143_sslo_png_jpg.rf.aca41af4fb4ec7204639a5f5e7bd048b.jpg,0,True,True,True
Contact_143_sslo_png_jpg.rf.aca41af4fb4ec7204639a5f5e7bd048b.jpg,0,False,True,False
Contact_143_sslo_png_jpg.rf.aca41af4fb4ec7204639a5f5e7bd048b.jpg,0,False,False,False
Contact_144_sslo_png_jpg.rf.2a31810aec47a931d57a96cdd262c02b.jpg,0,False,False,False
Contact_144_sslo_png_jpg.rf.2a31810aec47a931d57a96cdd262c02b.jpg,0,True,True,True
Contact_144_sslo_png_jpg.rf.2a31810aec47a931d57a96cdd262c02b.jpg,0,False,False,False
Contact_144_sslo_png_jpg.rf.2a31810aec47a931d57a96cdd262c02b.jpg,0,True,True,True
Contact_144_sslo_png_jpg.rf.2a31810aec47a931d57a96cdd262c02b.jpg,0,False,False,False
Contact_144_sslo_png_jpg.rf.2a31810aec47a931d57a96cdd262c02b.jpg,0,False,False,False
Contact_145_sslo_png_jpg.rf.be98f0f117d90f84414615d23db27d50.jpg,0,False,True,False
Contact_145_sslo_png_jpg.rf.be98f0f117d90f84414615d23db27d50.jpg,0,False,False,False
Contact_145_sslo_png_jpg.rf.be98f0f117d90f84414615d23db27d50.jpg,0,False,False,False
Contact_146_sslo_png_jpg.rf.611422aa39ce2396d98f2659f1bfebac.jpg,0,False,True,False
Contact_146_sslo_png_jpg.rf.611422aa39ce2396d98f2659f1bfebac.jpg,0,True,True,True
Contact_146_sslo_png_jpg.rf.611422aa39ce2396d98f2659f1bfebac.jpg,0,False,False,False
Contact_147_sslo_png_jpg.rf.fdb0cfce199b75601623d4a387d97035.jpg,0,True,True,True
Contact_149_sslo_png_jpg.rf.54376c2ee7fa621e951ecf8a3b6d368f.jpg,0,False,False,False
Contact_149_sslo_png_jpg.rf.54376c2ee7fa621e951ecf8a3b6d368f.jpg,0,False,False,False
Contact_150_sslo_png_jpg.rf.259d47287687444673efd0065d07cde2.jpg,0,False,False,False
Contact_151_sslo_png_jpg.rf.6743367f72d10ef2d0a3b0c9249637f6.jpg,0,False,False,False
Contact_153_sslo_png_jpg.rf.959cf8443a23a7cfcdef4cba92c92013.jpg,0,False,False,False
Contact_153_sslo_png_jpg.rf.959cf8443a23a7cfcdef4cba92c92013.jpg,0,False,False,False
Contact_153_sslo_png_jpg.rf.959cf8443a23a7cfcdef4cba92c92013.jpg,0,False,False,False
Contact_154_sslo_png_jpg.rf.ef960ac51ccd40b7fa22a42948877534.jpg,0,False,False,False
Contact_154_sslo_png_jpg.rf.ef960ac51ccd40b7fa22a42948877534.jpg,0,False,False,False
Contact_155_sslo_png_jpg.rf.78b96674f664976dfde5b889cbab6392.jpg,0,True,True,True
Contact_155_sslo_png_jpg.rf.78b96674f664976dfde5b889cbab6392.jpg,0,False,False,False
Contact_155_sslo_png_jpg.rf.78b96674f664976dfde5b889cbab6392.jpg,0,False,False,False
Contact_155_sslo_png_jpg.rf.78b96674f664976dfde5b889cbab6392.jpg,0,False,False,False
Contact_156_sslo_png_jpg.rf.df57d61075a91f9a841a99b9fb35f97c.jpg,0,False,False,False
Contact_156_sslo_png_jpg.rf.df57d61075a91f9a841a99b9fb35f97c.jpg,0,False,False,False
Contact_156_sslo_png_jpg.rf.df57d61075a91f9a841a99b9fb35f97c.jpg,0,False,False,False
Contact_156_sslo_png_jpg.rf.df57d61075a91f9a841a99b9fb35f97c.jpg,0,False,False,False
Contact_156_sslo_png_jpg.rf.df57d61075a91f9a841a99b9fb35f97c.jpg,0,False,False,False
Contact_156_sslo_png_jpg.rf.df57d61075a91f9a841a99b9fb35f97c.jpg,0,False,False,False
Contact_157_sslo_png_jpg.rf.44e5e3cda1eb1ff5a7e36a4ffc33a2fa.jpg,0,False,False,False
Contact_157_sslo_png_jpg.rf.44e5e3cda1eb1ff5a7e36a4ffc33a2fa.jpg,0,False,False,False
Contact_157_sslo_png_jpg.rf.44e5e3cda1eb1ff5a7e36a4ffc33a2fa.jpg,0,False,False,False
Contact_157_sslo_png_jpg.rf.44e5e3cda1eb1ff5a7e36a4ffc33a2fa.jpg,0,False,False,False
Contact_158_sslo_png_jpg.rf.d3a25b3d9fa9ac35fe098759faf50b27.jpg,0,False,False,False
Contact_158_sslo_png_jpg.rf.d3a25b3d9fa9ac35fe098759faf50b27.jpg,0,False,False,False
Contact_159_sslo_png_jpg.rf.f10e314b65e006bdf525fd34f3450bf9.jpg,0,False,False,False
Contact_159_sslo_png_jpg.rf.f10e314b65e006bdf525fd34f3450bf9.jpg,0,False,False,False
Contact_159_sslo_png_jpg.rf.f10e314b65e006bdf525fd34f3450bf9.jpg,0,False,False,False
Contact_15_sslo_png_jpg.rf.7fc131517399c3eab4cb63cfed79f065.jpg,0,False,False,False
Contact_15_sslo_png_jpg.rf.7fc131517399c3eab4cb63cfed79f065.jpg,0,False,False,False
Contact_160_sslo_png_jpg.rf.7dc14d2993b532b63e60ca7b21c37261.jpg,0,False,False,False
Contact_160_sslo_png_jpg.rf.7dc14d2993b532b63e60ca7b21c37261.jpg,0,True,True,True
Contact_161_sslo_png_jpg.rf.91f63a339b983124c7f7d54390a71463.jpg,0,False,False,False
Contact_161_sslo_png_jpg.rf.91f63a339b983124c7f7d54390a71463.jpg,0,True,True,True
Contact_161_sslo_png_jpg.rf.91f63a339b983124c7f7d54390a71463.jpg,0,True,True,True
Contact_161_sslo_png_jpg.rf.91f63a339b983124c7f7d54390a71463.jpg,0,False,False,False
Contact_161_sslo_png_jpg.rf.91f63a339b983124c7f7d54390a71463.jpg,0,False,False,False
Contact_162_sslo_png_jpg.rf.867bab41f1a2f52272ee5345ede3ba56.jpg,0,False,False,False
Contact_162_sslo_png_jpg.rf.867bab41f1a2f52272ee5345ede3ba56.jpg,0,False,False,False
Contact_163_sslo_png_jpg.rf.370d3f92cb09f091ee7f743a529b537c.jpg,0,True,True,True
Contact_163_sslo_png_jpg.rf.370d3f92cb09f091ee7f743a529b537c.jpg,0,True,True,True
Contact_163_sslo_png_jpg.rf.370d3f92cb09f091ee7f743a529b537c.jpg,0,False,False,False
Contact_163_sslo_png_jpg.rf.370d3f92cb09f091ee7f743a529b537c.jpg,0,False,False,False
Contact_164_sslo_png_jpg.rf.4be2af64b44af59983e9c4afd4533679.jpg,0,False,False,False
Contact_164_sslo_png_jpg.rf.4be2af64b44af59983e9c4afd4533679.jpg,0,False,False,False
Contact_164_sslo_png_jpg.rf.4be2af64b44af59983e9c4afd4533679.jpg,0,False,False,False
Contact_164_sslo_png_jpg.rf.4be2af64b44af59983e9c4afd4533679.jpg,0,False,False,False
Contact_165_sslo_png_jpg.rf.37746f919ac3bd4660d1548124b18ee1.jpg,0,False,False,False
Contact_165_sslo_png_jpg.rf.37746f919ac3bd4660d1548124b18ee1.jpg,0,True,True,True
Contact_165_sslo_png_jpg.rf.37746f919ac3bd4660d1548124b18ee1.jpg,0,False,False,False
Contact_165_sslo_png_jpg.rf.37746f919ac3bd4660d1548124b18ee1.jpg,0,False,False,False
Contact_165_sslo_png_jpg.rf.37746f919ac3bd4660d1548124b18ee1.jpg,0,False,False,False
Contact_166_sslo_png_jpg.rf.61e0fbe88414e10a376faa098bc428c6.jpg,0,False,False,False
Contact_167_sslo_png_jpg.rf.e13cc3be818c5a015e73a62aeda1f11f.jpg,0,False,False,False
Contact_167_sslo_png_jpg.rf.e13cc3be818c5a015e73a62aeda1f11f.jpg,0,False,False,False
Contact_167_sslo_png_jpg.rf.e13cc3be818c5a015e73a62aeda1f11f.jpg,0,True,True,True
Contact_167_sslo_png_jpg.rf.e13cc3be818c5a015e73a62aeda1f11f.jpg,0,False,False,False
Contact_167_sslo_png_jpg.rf.e13cc3be818c5a015e73a62aeda1f11f.jpg,0,False,False,False
Contact_169_sslo_png_jpg.rf.9d14e8f67ab94cc9ba648cd6e20a00de.jpg,0,False,False,False
Contact_169_sslo_png_jpg.rf.9d14e8f67ab94cc9ba648cd6e20a00de.jpg,0,False,False,False
Contact_169_sslo_png_jpg.rf.9d14e8f67ab94cc9ba648cd6e20a00de.jpg,0,False,False,False
Contact_169_sslo_png_jpg.rf.9d14e8f67ab94cc9ba648cd6e20a00de.jpg,0,False,False,False
Contact_169_sslo_png_jpg.rf.9d14e8f67ab94cc9ba648cd6e20a00de.jpg,0,False,False,False
Contact_169_sslo_png_jpg.rf.9d14e8f67ab94cc9ba648cd6e20a00de.jpg,0,False,False,False
Contact_16_sslo_png_jpg.rf.c456276a1c1c5897a7d38e2cc11b7548.jpg,0,True,True,True
Contact_170_sslo_png_jpg.rf.7ff34347bbd4fb8609fede9a41b2a059.jpg,0,False,False,False
Contact_170_sslo_png_jpg.rf.7ff34347bbd4fb8609fede9a41b2a059.jpg,0,False,False,False
Contact_170_sslo_png_jpg.rf.7ff34347bbd4fb8609fede9a41b2a059.jpg,0,False,False,False
Contact_170_sslo_png_jpg.rf.7ff34347bbd4fb8609fede9a41b2a059.jpg,0,False,False,False
Contact_170_sslo_png_jpg.rf.7ff34347bbd4fb8609fede9a41b2a059.jpg,0,False,False,False
Contact_171_sslo_png_jpg.rf.3a84738d26399e05f6e3d79e6a42cf38.jpg,0,True,True,True
Contact_171_sslo_png_jpg.rf.3a84738d26399e05f6e3d79e6a42cf38.jpg,0,False,False,False
Contact_172_sslo_png_jpg.rf.b187f6029d7d27da5fb2b37d9c06da58.jpg,0,False,False,False
Contact_172_sslo_png_jpg.rf.b187f6029d7d27da5fb2b37d9c06da58.jpg,0,True,True,True
Contact_173_sslo_png_jpg.rf.52ee9ab7ec1141cb7d6a0f850279612b.jpg,0,True,True,True
Contact_176_sslo_png_jpg.rf.e25b3349d7c105cc7ee2c10013f20396.jpg,0,False,False,False
Contact_177_sslo_png_jpg.rf.3ab0c66c45cbcd9d35bb76535c53a562.jpg,0,True,True,True
Contact_178_sslo_png_jpg.rf.39b6f132a1d2aad94f19acf9176d901b.jpg,0,True,True,True
Contact_179_sslo_png_jpg.rf.18516834b5e41d3ce943f12b9daad246.jpg,0,False,False,False
Contact_17_flsimg_png_jpg.rf.40696c43780da3f5b17452fe524da030.jpg,0,True,True,True
Contact_180_sslo_png_jpg.rf.c50945bbc27fce7b380c68b3e70a3786.jpg,0,False,False,False
Contact_181_sslo_png_jpg.rf.e9e10b60353fdb3a301c78dc93b7fed0.jpg,0,True,True,True
Contact_182_sslo_png_jpg.rf.7794c1709963639d3bdee8a207c01c87.jpg,0,False,False,False
Contact_182_sslo_png_jpg.rf.7794c1709963639d3bdee8a207c01c87.jpg,0,False,False,False
Contact_182_sslo_png_jpg.rf.7794c1709963639d3bdee8a207c01c87.jpg,0,False,False,False
Contact_183_sslo_png_jpg.rf.f05c990927ac18489afe27915f5491a5.jpg,0,False,False,False
Contact_183_sslo_png_jpg.rf.f05c990927ac18489afe27915f5491a5.jpg,0,False,False,False
Contact_184_sslo_png_jpg.rf.87ad427200a4da2b6d762478eb56d1e9.jpg,0,False,False,False
Contact_185_sslo_png_jpg.rf.bdbb9650bf6861b7c513c9c2fb429ea3.jpg,0,False,False,False
Contact_185_sslo_png_jpg.rf.bdbb9650bf6861b7c513c9c2fb429ea3.jpg,0,False,False,False
Contact_185_sslo_png_jpg.rf.bdbb9650bf6861b7c513c9c2fb429ea3.jpg,0,False,False,False
Contact_186_sslo_png_jpg.rf.8bc5b2a2ecff10a7e954b02c74f3890d.jpg,0,False,False,False
Contact_186_sslo_png_jpg.rf.8bc5b2a2ecff10a7e954b02c74f3890d.jpg,0,False,False,False
Contact_186_sslo_png_jpg.rf.8bc5b2a2ecff10a7e954b02c74f3890d.jpg,0,True,True,True
Contact_186_sslo_png_jpg.rf.8bc5b2a2ecff10a7e954b02c74f3890d.jpg,0,False,False,False
Contact_187_sslo_png_jpg.rf.19dcf552295601b698d96ba84e7dffc1.jpg,0,False,False,False
Contact_187_sslo_png_jpg.rf.19dcf552295601b698d96ba84e7dffc1.jpg,0,False,False,False
Contact_187_sslo_png_jpg.rf.19dcf552295601b698d96ba84e7dffc1.jpg,0,False,False,False
Contact_187_sslo_png_jpg.rf.19dcf552295601b698d96ba84e7dffc1.jpg,0,False,False,False
Contact_187_sslo_png_jpg.rf.19dcf552295601b698d96ba84e7dffc1.jpg,0,False,False,False
Contact_187_sslo_png_jpg.rf.19dcf552295601b698d96ba84e7dffc1.jpg,0,False,False,False
Contact_187_sslo_png_jpg.rf.19dcf552295601b698d96ba84e7dffc1.jpg,0,True,True,True
Contact_187_sslo_png_jpg.rf.19dcf552295601b698d96ba84e7dffc1.jpg,0,False,False,False
Contact_188_sslo_png_jpg.rf.3e37fcfd5bf60413ca78f0fa8de6c0ba.jpg,0,False,False,False
Contact_188_sslo_png_jpg.rf.3e37fcfd5bf60413ca78f0fa8de6c0ba.jpg,0,False,False,False
Contact_188_sslo_png_jpg.rf.3e37fcfd5bf60413ca78f0fa8de6c0ba.jpg,0,True,True,True
Contact_188_sslo_png_jpg.rf.3e37fcfd5bf60413ca78f0fa8de6c0ba.jpg,0,True,True,True
Contact_188_sslo_png_jpg.rf.3e37fcfd5bf60413ca78f0fa8de6c0ba.jpg,0,False,False,False
Contact_188_sslo_png_jpg.rf.3e37fcfd5bf60413ca78f0fa8de6c0ba.jpg,0,False,False,False
Contact_188_sslo_png_jpg.rf.3e37fcfd5bf60413ca78f0fa8de6c0ba.jpg,0,False,False,False
Contact_188_sslo_png_jpg.rf.3e37fcfd5bf60413ca78f0fa8de6c0ba.jpg,0,False,False,False
Contact_189_sslo_png_jpg.rf.776019e450b6835cc30c6bb5d4b58fb5.jpg,0,False,False,False
Contact_189_sslo_png_jpg.rf.776019e450b6835cc30c6bb5d4b58fb5.jpg,0,True,True,True
Contact_189_sslo_png_jpg.rf.776019e450b6835cc30c6bb5d4b58fb5.jpg,0,False,False,False
Contact_189_sslo_png_jpg.rf.776019e450b6835cc30c6bb5d4b58fb5.jpg,0,False,False,False
Contact_18_sslo_png_jpg.rf.de9e499bda6f28f97ffb2c32a0f329e4.jpg,0,False,False,False
Contact_190_sslo_png_jpg.rf.87284f70b62a68ba50c7ed7270f10670.jpg,0,False,False,False
Contact_190_sslo_png_jpg.rf.87284f70b62a68ba50c7ed7270f10670.jpg,0,False,False,False
Contact_190_sslo_png_jpg.rf.87284f70b62a68ba50c7ed7270f10670.jpg,0,False,False,False
Contact_190_sslo_png_jpg.rf.87284f70b62a68ba50c7ed7270f10670.jpg,0,False,False,False
Contact_190_sslo_png_jpg.rf.87284f70b62a68ba50c7ed7270f10670.jpg,0,False,False,False
Contact_191_sslo_png_jpg.rf.46716ca4b74da3e16401e7b334a3caf1.jpg,0,False,False,False
Contact_191_sslo_png_jpg.rf.46716ca4b74da3e16401e7b334a3caf1.jpg,0,False,False,False
Contact_191_sslo_png_jpg.rf.46716ca4b74da3e16401e7b334a3caf1.jpg,0,False,False,False
Contact_191_sslo_png_jpg.rf.46716ca4b74da3e16401e7b334a3caf1.jpg,0,False,False,False
Contact_191_sslo_png_jpg.rf.46716ca4b74da3e16401e7b334a3caf1.jpg,0,False,False,False
Contact_192_sslo_png_jpg.rf.eaf54696453aff21245aa0c73fb0b779.jpg,0,False,False,False
Contact_192_sslo_png_jpg.rf.eaf54696453aff21245aa0c73fb0b779.jpg,0,False,False,False
Contact_192_sslo_png_jpg.rf.eaf54696453aff21245aa0c73fb0b779.jpg,0,False,False,False
Contact_192_sslo_png_jpg.rf.eaf54696453aff21245aa0c73fb0b779.jpg,0,False,False,False
Contact_192_sslo_png_jpg.rf.eaf54696453aff21245aa0c73fb0b779.jpg,0,False,False,False
Contact_192_sslo_png_jpg.rf.eaf54696453aff21245aa0c73fb0b779.jpg,0,False,False,False
Contact_193_sslo_png_jpg.rf.3ce0edaffa1bb6512ca6a8ac1e1dd0c3.jpg,0,False,False,False
Contact_193_sslo_png_jpg.rf.3ce0edaffa1bb6512ca6a8ac1e1dd0c3.jpg,0,False,False,False
Contact_194_sslo_png_jpg.rf.ae5a1c3538ad113b0992f673c07ac67e.jpg,0,False,False,False
Contact_195_sslo_png_jpg.rf.dc2676661b0388e98039e846e79d0bc9.jpg,0,False,False,False
Contact_195_sslo_png_jpg.rf.dc2676661b0388e98039e846e79d0bc9.jpg,0,True,True,True
Contact_195_sslo_png_jpg.rf.dc2676661b0388e98039e846e79d0bc9.jpg,0,False,False,False
Contact_195_sslo_png_jpg.rf.dc2676661b0388e98039e846e79d0bc9.jpg,0,False,True,False
Contact_196_sslo_png_jpg.rf.82c0d571023f55344745a8cb0a167f4e.jpg,0,False,False,False
Contact_196_sslo_png_jpg.rf.82c0d571023f55344745a8cb0a167f4e.jpg,0,False,False,False
Contact_196_sslo_png_jpg.rf.82c0d571023f55344745a8cb0a167f4e.jpg,0,False,False,False
Contact_197_sslo_png_jpg.rf.d01718261c276ac05f54887ddcd38256.jpg,0,True,True,True
Contact_197_sslo_png_jpg.rf.d01718261c276ac05f54887ddcd38256.jpg,0,False,False,False
Contact_197_sslo_png_jpg.rf.d01718261c276ac05f54887ddcd38256.jpg,0,False,False,False
Contact_197_sslo_png_jpg.rf.d01718261c276ac05f54887ddcd38256.jpg,0,False,False,False
Contact_198_sslo_png_jpg.rf.1fbbd70ce3a76beb293f9a99fef56444.jpg,0,True,True,True
Contact_199_sslo_png_jpg.rf.ee506ed2356b3fce28b9211859f791ae.jpg,0,True,True,True
Contact_199_sslo_png_jpg.rf.ee506ed2356b3fce28b9211859f791ae.jpg,0,False,False,False
Contact_199_sslo_png_jpg.rf.ee506ed2356b3fce28b9211859f791ae.jpg,0,False,False,False
Contact_19_sslo_png_jpg.rf.4e6cf2f09c5c6c6b70ad61266df59373.jpg,0,False,False,False
Contact_19_sslo_png_jpg.rf.4e6cf2f09c5c6c6b70ad61266df59373.jpg,0,True,True,True
Contact_19_sslo_png_jpg.rf.4e6cf2f09c5c6c6b70ad61266df59373.jpg,0,False,False,False
Contact_1_sslo_png_jpg.rf.6c107fa5e47d97c06e5bf10acbaee8e7.jpg,0,False,False,False
Contact_1_sslo_png_jpg.rf.6c107fa5e47d97c06e5bf10acbaee8e7.jpg,0,False,False,False
Contact_1_sslo_png_jpg.rf.6c107fa5e47d97c06e5bf10acbaee8e7.jpg,0,False,False,False
Contact_200_sslo_png_jpg.rf.665c0dbc6e75b0c27856d2f15a095026.jpg,0,False,False,False
Contact_201_sslo_png_jpg.rf.2f436943052fbc2b8b564da0a121c7d2.jpg,0,False,False,False
Contact_202_sslo_png_jpg.rf.d2cf4edea312ad4bb66dcdad782f255f.jpg,0,False,False,False
Contact_203_sslo_png_jpg.rf.d9b44748a1bf7d9a30126e649741d745.jpg,0,False,False,False
Contact_203_sslo_png_jpg.rf.d9b44748a1bf7d9a30126e649741d745.jpg,0,True,True,True
Contact_205_sslo_png_jpg.rf.f1fbf36cf74fb90b02b9619dac356433.jpg,0,False,False,False
Contact_206_sslo_png_jpg.rf.f81c8df16938ba4202bdc4a22e6ac992.jpg,0,False,False,False
Contact_206_sslo_png_jpg.rf.f81c8df16938ba4202bdc4a22e6ac992.jpg,0,False,False,False
Contact_206_sslo_png_jpg.rf.f81c8df16938ba4202bdc4a22e6ac992.jpg,0,False,False,False
Contact_207_sslo_png_jpg.rf.1426a5108539b3f32523d13e35cf37ca.jpg,0,False,False,False
Contact_207_sslo_png_jpg.rf.1426a5108539b3f32523d13e35cf37ca.jpg,0,False,False,False
Contact_207_sslo_png_jpg.rf.1426a5108539b3f32523d13e35cf37ca.jpg,0,False,False,False
Contact_207_sslo_png_jpg.rf.1426a5108539b3f32523d13e35cf37ca.jpg,0,False,False,False
Contact_208_sslo_png_jpg.rf.e05fac3da6c7d04a6d9ba19fe244b666.jpg,0,False,False,False
Contact_208_sslo_png_jpg.rf.e05fac3da6c7d04a6d9ba19fe244b666.jpg,0,False,False,False
Contact_209_sslo_png_jpg.rf.d0e86f2d1e1eae0c2d4d6d5b691e2db8.jpg,0,False,False,False
Contact_20_sslo_png_jpg.rf.03bd62a1929d71bbb6601fe8204f1813.jpg,0,False,False,False
Contact_20_sslo_png_jpg.rf.03bd62a1929d71bbb6601fe8204f1813.jpg,0,False,False,False
Contact_20_sslo_png_jpg.rf.03bd62a1929d71bbb6601fe8204f1813.jpg,0,True,True,True
Contact_20_sslo_png_jpg.rf.03bd62a1929d71bbb6601fe8204f1813.jpg,0,False,False,False
Contact_20_sslo_png_jpg.rf.03bd62a1929d71bbb6601fe8204f1813.jpg,0,False,False,False
Contact_210_sslo_png_jpg.rf.297c4360288eea2cfa0007ddc18cece8.jpg,0,False,False,False
Contact_211_sslo_png_jpg.rf.e8ff5c0c146624222258d41e3554cb66.jpg,0,False,False,False
Contact_211_sslo_png_jpg.rf.e8ff5c0c146624222258d41e3554cb66.jpg,0,False,False,False
Contact_211_sslo_png_jpg.rf.e8ff5c0c146624222258d41e3554cb66.jpg,0,False,False,False
Contact_211_sslo_png_jpg.rf.e8ff5c0c146624222258d41e3554cb66.jpg,0,True,True,True
Contact_212_sslo_png_jpg.rf.ef8ba36f221a5d62a98b77d4d637a92d.jpg,0,False,False,False
Contact_212_sslo_png_jpg.rf.ef8ba36f221a5d62a98b77d4d637a92d.jpg,0,True,True,True
Contact_213_sslo_png_jpg.rf.bb3a6020b0ae95094bf0d97c541e8349.jpg,0,False,False,False
Contact_213_sslo_png_jpg.rf.bb3a6020b0ae95094bf0d97c541e8349.jpg,0,True,True,True
Contact_213_sslo_png_jpg.rf.bb3a6020b0ae95094bf0d97c541e8349.jpg,0,True,True,True
Contact_214_sslo_png_jpg.rf.cb847326e3a847481d76b4958c358e27.jpg,0,False,False,False
Contact_214_sslo_png_jpg.rf.cb847326e3a847481d76b4958c358e27.jpg,0,False,False,False
Contact_215_sslo_png_jpg.rf.e731011408be04dbc30ad65f45a3ae26.jpg,0,False,False,False
Contact_215_sslo_png_jpg.rf.e731011408be04dbc30ad65f45a3ae26.jpg,0,True,True,True
Contact_215_sslo_png_jpg.rf.e731011408be04dbc30ad65f45a3ae26.jpg,0,True,True,True
Contact_215_sslo_png_jpg.rf.e731011408be04dbc30ad65f45a3ae26.jpg,0,False,False,False
Contact_216_sslo_png_jpg.rf.43b0563090a0d5e81449ebd0b6fa16b0.jpg,0,False,False,False
Contact_216_sslo_png_jpg.rf.43b0563090a0d5e81449ebd0b6fa16b0.jpg,0,True,True,True
Contact_216_sslo_png_jpg.rf.43b0563090a0d5e81449ebd0b6fa16b0.jpg,0,True,True,True
Contact_216_sslo_png_jpg.rf.43b0563090a0d5e81449ebd0b6fa16b0.jpg,0,False,False,False
Contact_217_sslo_png_jpg.rf.c0bb62e02e79029a34f0eb69a803bc2d.jpg,0,True,True,True
Contact_217_sslo_png_jpg.rf.c0bb62e02e79029a34f0eb69a803bc2d.jpg,0,False,False,False
Contact_218_sslo_png_jpg.rf.a5f6c1b056a82a93ab14249bb3e9a5a2.jpg,0,True,True,True
Contact_218_sslo_png_jpg.rf.a5f6c1b056a82a93ab14249bb3e9a5a2.jpg,0,True,True,True
Contact_219_sslo_png_jpg.rf.42ea6234ae3306a2db247f4c804c95e7.jpg,0,False,False,False
Contact_219_sslo_png_jpg.rf.42ea6234ae3306a2db247f4c804c95e7.jpg,0,True,True,True
Contact_21_sslo_png_jpg.rf.e4650cfa69f9b0d4b12e4174cafc9d31.jpg,0,False,False,False
Contact_21_sslo_png_jpg.rf.e4650cfa69f9b0d4b12e4174cafc9d31.jpg,0,True,True,True
Contact_21_sslo_png_jpg.rf.e4650cfa69f9b0d4b12e4174cafc9d31.jpg,0,False,True,False
Contact_21_sslo_png_jpg.rf.e4650cfa69f9b0d4b12e4174cafc9d31.jpg,0,False,False,False
Contact_21_sslo_png_jpg.rf.e4650cfa69f9b0d4b12e4174cafc9d31.jpg,0,False,True,False
Contact_21_sslo_png_jpg.rf.e4650cfa69f9b0d4b12e4174cafc9d31.jpg,0,False,True,False
Contact_21_sslo_png_jpg.rf.e4650cfa69f9b0d4b12e4174cafc9d31.jpg,0,False,False,False
Contact_21_sslo_png_jpg.rf.e4650cfa69f9b0d4b12e4174cafc9d31.jpg,0,False,True,False
Contact_21_sslo_png_jpg.rf.e4650cfa69f9b0d4b12e4174cafc9d31.jpg,0,False,False,False
Contact_21_sslo_png_jpg.rf.e4650cfa69f9b0d4b12e4174cafc9d31.jpg,0,True,True,True
Contact_21_sslo_png_jpg.rf.e4650cfa69f9b0d4b12e4174cafc9d31.jpg,0,False,False,False
Contact_220_sslo_png_jpg.rf.c9267011b58885a96581fc6dc6312ed6.jpg,0,True,True,True
Contact_220_sslo_png_jpg.rf.c9267011b58885a96581fc6dc6312ed6.jpg,0,False,False,False
Contact_220_sslo_png_jpg.rf.c9267011b58885a96581fc6dc6312ed6.jpg,0,False,False,False
Contact_220_sslo_png_jpg.rf.c9267011b58885a96581fc6dc6312ed6.jpg,0,False,False,False
Contact_221_sslo_png_jpg.rf.4d6167bcadb64756db680bb1077fbd62.jpg,0,False,False,False
Contact_221_sslo_png_jpg.rf.4d6167bcadb64756db680bb1077fbd62.jpg,0,False,False,False
Contact_221_sslo_png_jpg.rf.4d6167bcadb64756db680bb1077fbd62.jpg,0,False,False,False
Contact_221_sslo_png_jpg.rf.4d6167bcadb64756db680bb1077fbd62.jpg,0,False,False,False
Contact_221_sslo_png_jpg.rf.4d6167bcadb64756db680bb1077fbd62.jpg,0,True,True,True
Contact_222_sslo_png_jpg.rf.8e0290449c65424cb24597ae7f30756b.jpg,0,False,True,False
Contact_222_sslo_png_jpg.rf.8e0290449c65424cb24597ae7f30756b.jpg,0,True,True,True
Contact_222_sslo_png_jpg.rf.8e0290449c65424cb24597ae7f30756b.jpg,0,False,False,False
Contact_222_sslo_png_jpg.rf.8e0290449c65424cb24597ae7f30756b.jpg,0,False,False,False
Contact_223_sslo_png_jpg.rf.ab4140f7320c4fec7ca10bb821590e5a.jpg,0,False,False,False
Contact_223_sslo_png_jpg.rf.ab4140f7320c4fec7ca10bb821590e5a.jpg,0,True,True,True
Contact_223_sslo_png_jpg.rf.ab4140f7320c4fec7ca10bb821590e5a.jpg,0,False,False,False
Contact_224_sslo_png_jpg.rf.742daf7167f56c501d4ce7bb403ec1f8.jpg,0,False,False,False
Contact_224_sslo_png_jpg.rf.742daf7167f56c501d4ce7bb403ec1f8.jpg,0,True,True,True
Contact_224_sslo_png_jpg.rf.742daf7167f56c501d4ce7bb403ec1f8.jpg,0,False,False,False
Contact_225_sslo_png_jpg.rf.e224eec8ad91e2647c970a37cf237239.jpg,0,False,False,False
Contact_225_sslo_png_jpg.rf.e224eec8ad91e2647c970a37cf237239.jpg,0,True,True,True
Contact_225_sslo_png_jpg.rf.e224eec8ad91e2647c970a37cf237239.jpg,0,False,False,False
Contact_225_sslo_png_jpg.rf.e224eec8ad91e2647c970a37cf237239.jpg,0,False,False,False
Contact_226_sslo_png_jpg.rf.f3163bbdae5bb5e5c74a897d4def8626.jpg,0,False,False,False
Contact_226_sslo_png_jpg.rf.f3163bbdae5bb5e5c74a897d4def8626.jpg,0,True,True,True
Contact_226_sslo_png_jpg.rf.f3163bbdae5bb5e5c74a897d4def8626.jpg,0,False,False,False
Contact_227_sslo_png_jpg.rf.b4036165e59a7cfb2f1ca13454d66624.jpg,0,True,False,True
Contact_227_sslo_png_jpg.rf.b4036165e59a7cfb2f1ca13454d66624.jpg,0,False,False,False
Contact_227_sslo_png_jpg.rf.b4036165e59a7cfb2f1ca13454d66624.jpg,0,False,False,False
Contact_227_sslo_png_jpg.rf.b4036165e59a7cfb2f1ca13454d66624.jpg,0,False,False,False
Contact_228_sslo_png_jpg.rf.24bd633076b7383ac1698c640aaefa11.jpg,0,False,False,False
Contact_228_sslo_png_jpg.rf.24bd633076b7383ac1698c640aaefa11.jpg,0,False,False,False
Contact_228_sslo_png_jpg.rf.24bd633076b7383ac1698c640aaefa11.jpg,0,False,False,False
Contact_228_sslo_png_jpg.rf.24bd633076b7383ac1698c640aaefa11.jpg,0,False,False,False
Contact_228_sslo_png_jpg.rf.24bd633076b7383ac1698c640aaefa11.jpg,0,False,False,False
Contact_228_sslo_png_jpg.rf.24bd633076b7383ac1698c640aaefa11.jpg,0,False,False,False
Contact_229_sslo_png_jpg.rf.f8562e630b0338bfb1452f1843f51f53.jpg,0,False,False,False
Contact_22_sslo_png_jpg.rf.84a0f7bd68c3d78e86f149c328045820.jpg,0,False,False,False
Contact_22_sslo_png_jpg.rf.84a0f7bd68c3d78e86f149c328045820.jpg,0,False,False,False
Contact_22_sslo_png_jpg.rf.84a0f7bd68c3d78e86f149c328045820.jpg,0,False,False,False
Contact_22_sslo_png_jpg.rf.84a0f7bd68c3d78e86f149c328045820.jpg,0,False,True,False
Contact_22_sslo_png_jpg.rf.84a0f7bd68c3d78e86f149c328045820.jpg,0,False,False,False
Contact_22_sslo_png_jpg.rf.84a0f7bd68c3d78e86f149c328045820.jpg,0,False,True,False
Contact_22_sslo_png_jpg.rf.84a0f7bd68c3d78e86f149c328045820.jpg,0,True,True,True
Contact_22_sslo_png_jpg.rf.84a0f7bd68c3d78e86f149c328045820.jpg,0,False,True,False
Contact_230_sslo_png_jpg.rf.62500e8aa0af3136970384e6a6d4d804.jpg,0,False,False,False
Contact_230_sslo_png_jpg.rf.62500e8aa0af3136970384e6a6d4d804.jpg,0,False,False,False
Contact_231_sslo_png_jpg.rf.6ac20343d7caea8f23a9c5a0aec4680b.jpg,0,False,False,False
Contact_231_sslo_png_jpg.rf.6ac20343d7caea8f23a9c5a0aec4680b.jpg,0,False,False,False
Contact_231_sslo_png_jpg.rf.6ac20343d7caea8f23a9c5a0aec4680b.jpg,0,False,False,False
Contact_232_sslo_png_jpg.rf.38888b1f641f316ac5844a4bae34b531.jpg,0,False,False,False
Contact_232_sslo_png_jpg.rf.38888b1f641f316ac5844a4bae34b531.jpg,0,False,False,False
Contact_234_sslo_png_jpg.rf.e971498b9cac847dc9dcd50c07d9a369.jpg,0,True,True,True
Contact_234_sslo_png_jpg.rf.e971498b9cac847dc9dcd50c07d9a369.jpg,0,True,True,True
Contact_235_sslo_png_jpg.rf.c0380c4c1314e3aecda3dc9989ee170b.jpg,0,True,True,True
Contact_235_sslo_png_jpg.rf.c0380c4c1314e3aecda3dc9989ee170b.jpg,0,True,True,True
Contact_236_sslo_png_jpg.rf.d03eac03936c673866fea5628984d763.jpg,0,False,False,False
Contact_236_sslo_png_jpg.rf.d03eac03936c673866fea5628984d763.jpg,0,False,False,False
Contact_236_sslo_png_jpg.rf.d03eac03936c673866fea5628984d763.jpg,0,False,False,False
Contact_237_sslo_png_jpg.rf.331dea1ee9eb886a04c926f277c4d098.jpg,0,False,False,False
Contact_237_sslo_png_jpg.rf.331dea1ee9eb886a04c926f277c4d098.jpg,0,False,False,False
Contact_237_sslo_png_jpg.rf.331dea1ee9eb886a04c926f277c4d098.jpg,0,False,False,False
Contact_237_sslo_png_jpg.rf.331dea1ee9eb886a04c926f277c4d098.jpg,0,False,False,False
Contact_238_sslo_png_jpg.rf.c5a767420413b460ae03fb5aac6a1055.jpg,0,False,False,False
Contact_238_sslo_png_jpg.rf.c5a767420413b460ae03fb5aac6a1055.jpg,0,False,False,False
Contact_238_sslo_png_jpg.rf.c5a767420413b460ae03fb5aac6a1055.jpg,0,False,False,False
Contact_239_sslo_png_jpg.rf.63c41ddabc35155c77023d02b477c984.jpg,0,False,False,False
Contact_239_sslo_png_jpg.rf.63c41ddabc35155c77023d02b477c984.jpg,0,False,False,False
Contact_23_sslo_png_jpg.rf.0ef63bb274b20cc18a2dab920e1b6e0a.jpg,0,False,False,False
Contact_23_sslo_png_jpg.rf.0ef63bb274b20cc18a2dab920e1b6e0a.jpg,0,True,True,True
Contact_23_sslo_png_jpg.rf.0ef63bb274b20cc18a2dab920e1b6e0a.jpg,0,False,False,False
Contact_23_sslo_png_jpg.rf.0ef63bb274b20cc18a2dab920e1b6e0a.jpg,0,False,False,False
Contact_23_sslo_png_jpg.rf.0ef63bb274b20cc18a2dab920e1b6e0a.jpg,0,False,True,False
Contact_23_sslo_png_jpg.rf.0ef63bb274b20cc18a2dab920e1b6e0a.jpg,0,False,True,False
Contact_23_sslo_png_jpg.rf.0ef63bb274b20cc18a2dab920e1b6e0a.jpg,0,False,True,False
Contact_23_sslo_png_jpg.rf.0ef63bb274b20cc18a2dab920e1b6e0a.jpg,0,False,True,False
Contact_23_sslo_png_jpg.rf.0ef63bb274b20cc18a2dab920e1b6e0a.jpg,0,False,False,False
Contact_23_sslo_png_jpg.rf.0ef63bb274b20cc18a2dab920e1b6e0a.jpg,0,False,False,False
Contact_23_sslo_png_jpg.rf.0ef63bb274b20cc18a2dab920e1b6e0a.jpg,0,False,False,False
Contact_23_sslo_png_jpg.rf.0ef63bb274b20cc18a2dab920e1b6e0a.jpg,0,False,True,False
Contact_240_sslo_png_jpg.rf.cc94e5b0570c8ac6fad78852a084d022.jpg,0,False,False,False
Contact_241_sslo_png_jpg.rf.6a5c7f757a3498f1cf059991989873f7.jpg,0,False,False,False
Contact_241_sslo_png_jpg.rf.6a5c7f757a3498f1cf059991989873f7.jpg,0,False,False,False
Contact_241_sslo_png_jpg.rf.6a5c7f757a3498f1cf059991989873f7.jpg,0,False,False,False
Contact_242_sslo_png_jpg.rf.f10a386ce2a2071af2f37cdda0ab4099.jpg,0,True,True,True
Contact_243_sslo_png_jpg.rf.048ee5112d8f629e85f9b4b1cbf3eb3d.jpg,0,True,True,True
Contact_245_sslo_png_jpg.rf.bb420d9299febfd4cca046e0fdec9aaf.jpg,0,True,True,True
Contact_246_sslo_png_jpg.rf.ffd3136b897084b6b7e56f607b120573.jpg,0,False,False,False
Contact_247_sslo_png_jpg.rf.e56a9752f9b7d19d62db4bb72a781ff8.jpg,0,True,True,True
Contact_248_sslo_png_jpg.rf.ebedcb1f4b19316f9c846ef6fb86e90e.jpg,0,False,False,False
Contact_249_sslo_png_jpg.rf.1cf4eacf62e90de97cf0f2c597baeb01.jpg,0,False,False,False
Contact_24_sslo_png_jpg.rf.74ba00296e4a44d07af3d3e63e56f766.jpg,0,False,False,False
Contact_24_sslo_png_jpg.rf.74ba00296e4a44d07af3d3e63e56f766.jpg,0,False,False,False
Contact_24_sslo_png_jpg.rf.74ba00296e4a44d07af3d3e63e56f766.jpg,0,True,True,True
Contact_24_sslo_png_jpg.rf.74ba00296e4a44d07af3d3e63e56f766.jpg,0,True,True,True
Contact_24_sslo_png_jpg.rf.74ba00296e4a44d07af3d3e63e56f766.jpg,0,False,False,False
Contact_24_sslo_png_jpg.rf.74ba00296e4a44d07af3d3e63e56f766.jpg,0,False,False,False
Contact_24_sslo_png_jpg.rf.74ba00296e4a44d07af3d3e63e56f766.jpg,0,False,False,False
Contact_251_sslo_png_jpg.rf.21e463a93f54345dbd4099270f6c0a88.jpg,0,True,True,True
Contact_252_sslo_png_jpg.rf.71d82d8b18b8d5f099391cd5e4f9f218.jpg,0,False,False,False
Contact_253_sslo_png_jpg.rf.7694b82945516b54e43b9de4fc044d6b.jpg,0,True,True,True
Contact_253_sslo_png_jpg.rf.7694b82945516b54e43b9de4fc044d6b.jpg,0,False,True,False
Contact_254_sslo_png_jpg.rf.313375e24ab1348b0e64210d912b76d4.jpg,0,True,True,True
Contact_254_sslo_png_jpg.rf.313375e24ab1348b0e64210d912b76d4.jpg,0,True,True,True
Contact_255_sslo_png_jpg.rf.c13c440169bfc319f3c7a61db1eab19b.jpg,0,False,False,False
Contact_256_sslo_png_jpg.rf.c6405a91e9a1b45ace913aa02f6a8d58.jpg,0,True,True,True
Contact_257_sslo_png_jpg.rf.19dc3fdfdc033699fe46297271899308.jpg,0,False,False,False
Contact_258_sslo_png_jpg.rf.f37a513cc152bacb16cfa03a0dfaa955.jpg,0,False,False,False
Contact_259_sslo_png_jpg.rf.f1422fab31cb11a3c0b30326d121b0c5.jpg,0,False,False,False
Contact_25_sslo_png_jpg.rf.3e7265d663d9342c59cdd3c0b1743ecc.jpg,0,False,False,False
Contact_25_sslo_png_jpg.rf.3e7265d663d9342c59cdd3c0b1743ecc.jpg,0,False,False,False
Contact_25_sslo_png_jpg.rf.3e7265d663d9342c59cdd3c0b1743ecc.jpg,0,False,False,False
Contact_25_sslo_png_jpg.rf.3e7265d663d9342c59cdd3c0b1743ecc.jpg,0,False,False,False
Contact_25_sslo_png_jpg.rf.3e7265d663d9342c59cdd3c0b1743ecc.jpg,0,False,False,False
Contact_25_sslo_png_jpg.rf.3e7265d663d9342c59cdd3c0b1743ecc.jpg,0,False,False,False
Contact_25_sslo_png_jpg.rf.3e7265d663d9342c59cdd3c0b1743ecc.jpg,0,True,True,True
Contact_25_sslo_png_jpg.rf.3e7265d663d9342c59cdd3c0b1743ecc.jpg,0,True,True,True
Contact_261_sslo_png_jpg.rf.611c51e68597c3ea0b074207665126be.jpg,0,False,False,False
Contact_262_sslo_png_jpg.rf.7860a06aa2af26d9c63219fb48a2cd90.jpg,0,False,False,False
Contact_263_sslo_png_jpg.rf.5d052028686bb4af5a0f5eb55ffd2ed5.jpg,0,False,False,False
Contact_264_sslo_png_jpg.rf.48c513b6062585cd738d7b06c5bec4b2.jpg,0,False,False,False
Contact_266_sslo_png_jpg.rf.a63c1786b2202d59b32dcba2403d9f1b.jpg,0,False,False,False
Contact_266_sslo_png_jpg.rf.a63c1786b2202d59b32dcba2403d9f1b.jpg,0,False,False,False
Contact_267_sslo_png_jpg.rf.4597396b3d723c6421351ad3fce73ec2.jpg,0,True,True,True
Contact_267_sslo_png_jpg.rf.4597396b3d723c6421351ad3fce73ec2.jpg,0,False,True,False
Contact_268_sslo_png_jpg.rf.573ca04609842c16ee62e4d14253a6ab.jpg,0,False,False,False
Contact_269_sslo_png_jpg.rf.a89b17b49ea32a9a8c51f8a0814ccc9b.jpg,0,True,True,True
Contact_26_sslo_png_jpg.rf.fb06397071e0af152e2e036932ede05d.jpg,0,False,True,False
Contact_26_sslo_png_jpg.rf.fb06397071e0af152e2e036932ede05d.jpg,0,False,False,False
Contact_26_sslo_png_jpg.rf.fb06397071e0af152e2e036932ede05d.jpg,0,False,False,False
Contact_26_sslo_png_jpg.rf.fb06397071e0af152e2e036932ede05d.jpg,0,False,False,False
Contact_26_sslo_png_jpg.rf.fb06397071e0af152e2e036932ede05d.jpg,0,False,False,False
Contact_26_sslo_png_jpg.rf.fb06397071e0af152e2e036932ede05d.jpg,0,False,True,False
Contact_26_sslo_png_jpg.rf.fb06397071e0af152e2e036932ede05d.jpg,0,False,False,False
Contact_26_sslo_png_jpg.rf.fb06397071e0af152e2e036932ede05d.jpg,0,False,False,False
Contact_26_sslo_png_jpg.rf.fb06397071e0af152e2e036932ede05d.jpg,0,False,False,False
Contact_26_sslo_png_jpg.rf.fb06397071e0af152e2e036932ede05d.jpg,0,False,True,False
Contact_270_sslo_png_jpg.rf.4b5a50fc5390f26985871f1b37d5e1b4.jpg,0,False,False,False
Contact_270_sslo_png_jpg.rf.4b5a50fc5390f26985871f1b37d5e1b4.jpg,0,False,False,False
Contact_271_sslo_png_jpg.rf.13fcb4497e3ea1862bd40b5e2845b3cd.jpg,0,False,False,False
Contact_271_sslo_png_jpg.rf.13fcb4497e3ea1862bd40b5e2845b3cd.jpg,0,False,False,False
Contact_272_sslo_png_jpg.rf.2860b41d63000c297d53c5b07f892318.jpg,0,False,False,False
Contact_273_sslo_png_jpg.rf.cb0c62498c3baba4c0595e545acb3fba.jpg,0,False,False,False
Contact_274_sslo_png_jpg.rf.59dfc033870b548b6a8a8206d1741ff4.jpg,0,False,False,False
Contact_274_sslo_png_jpg.rf.59dfc033870b548b6a8a8206d1741ff4.jpg,0,False,False,False
Contact_275_sslo_png_jpg.rf.afa71c9f09375ae261edfa340a53b46b.jpg,0,True,True,True
Contact_276_sslo_png_jpg.rf.52b3ffdd887f09d56d39179ea7bcc226.jpg,0,False,False,False
Contact_276_sslo_png_jpg.rf.52b3ffdd887f09d56d39179ea7bcc226.jpg,0,False,False,False
Contact_276_sslo_png_jpg.rf.52b3ffdd887f09d56d39179ea7bcc226.jpg,0,True,True,True
Contact_277_sslo_png_jpg.rf.961d6d39d4fd937d82506d7836121d15.jpg,0,False,False,False
Contact_277_sslo_png_jpg.rf.961d6d39d4fd937d82506d7836121d15.jpg,0,False,False,False
Contact_277_sslo_png_jpg.rf.961d6d39d4fd937d82506d7836121d15.jpg,0,True,True,True
Contact_278_sslo_png_jpg.rf.2958abd0137980d4331118fec216fa3d.jpg,0,False,False,False
Contact_278_sslo_png_jpg.rf.2958abd0137980d4331118fec216fa3d.jpg,0,True,True,True
Contact_278_sslo_png_jpg.rf.2958abd0137980d4331118fec216fa3d.jpg,0,False,False,False
Contact_279_sslo_png_jpg.rf.7f880d5fa6ff2e9f7083bc3e5156b621.jpg,0,True,True,True
Contact_27_sslo_png_jpg.rf.3e89693a66fcd4c5d95b63eabf1415c2.jpg,0,False,True,False
Contact_27_sslo_png_jpg.rf.3e89693a66fcd4c5d95b63eabf1415c2.jpg,0,False,True,False
Contact_27_sslo_png_jpg.rf.3e89693a66fcd4c5d95b63eabf1415c2.jpg,0,False,False,False
Contact_27_sslo_png_jpg.rf.3e89693a66fcd4c5d95b63eabf1415c2.jpg,0,False,False,False
Contact_27_sslo_png_jpg.rf.3e89693a66fcd4c5d95b63eabf1415c2.jpg,0,False,False,False
Contact_27_sslo_png_jpg.rf.3e89693a66fcd4c5d95b63eabf1415c2.jpg,0,False,False,False
Contact_27_sslo_png_jpg.rf.3e89693a66fcd4c5d95b63eabf1415c2.jpg,0,False,True,False
Contact_27_sslo_png_jpg.rf.3e89693a66fcd4c5d95b63eabf1415c2.jpg,0,False,False,False
Contact_280_sslo_png_jpg.rf.35ec1e2adcfadddf5bc9354840e8123a.jpg,0,False,False,False
Contact_281_sslo_png_jpg.rf.35081780939da2ff41dddfe708bb02ac.jpg,0,True,True,True
Contact_282_sslo_png_jpg.rf.7818794589bc71704ab1f5e0fc534142.jpg,0,True,True,True
Contact_282_sslo_png_jpg.rf.7818794589bc71704ab1f5e0fc534142.jpg,0,False,False,False
Contact_283_sslo_png_jpg.rf.65653696479d8addea5da2b5ac6f7c80.jpg,0,False,False,False
Contact_285_sslo_png_jpg.rf.6483aa793e597c325cb2b0661ac69e91.jpg,0,False,False,False
Contact_285_sslo_png_jpg.rf.6483aa793e597c325cb2b0661ac69e91.jpg,0,False,False,False
Contact_285_sslo_png_jpg.rf.6483aa793e597c325cb2b0661ac69e91.jpg,0,False,False,False
Contact_286_sslo_png_jpg.rf.cb00e5a70a8de7f316eb00732f81f7a3.jpg,0,False,False,False
Contact_286_sslo_png_jpg.rf.cb00e5a70a8de7f316eb00732f81f7a3.jpg,0,False,False,False
Contact_286_sslo_png_jpg.rf.cb00e5a70a8de7f316eb00732f81f7a3.jpg,0,False,False,False
Contact_287_flsimg_png_jpg.rf.e672fbcff6fbf9070adcdca7d2ee08de.jpg,0,True,True,True
Contact_287_flsimg_png_jpg.rf.e672fbcff6fbf9070adcdca7d2ee08de.jpg,0,True,True,True
Contact_287_flsimg_png_jpg.rf.e672fbcff6fbf9070adcdca7d2ee08de.jpg,0,False,False,False
Contact_287_flsimg_png_jpg.rf.e672fbcff6fbf9070adcdca7d2ee08de.jpg,0,True,True,True
Contact_287_flsimg_png_jpg.rf.e672fbcff6fbf9070adcdca7d2ee08de.jpg,0,True,True,True
Contact_288_flsimg_png_jpg.rf.4dc704fdb36a6c610a1f65f26fef55fb.jpg,0,True,True,True
Contact_288_flsimg_png_jpg.rf.4dc704fdb36a6c610a1f65f26fef55fb.jpg,0,True,True,True
Contact_289_sslo_png_jpg.rf.1bf1eb87332de710654aabf4599215e1.jpg,0,False,False,False
Contact_28_sslo_png_jpg.rf.ade3ab841a39b8e72bb4244f9717cac9.jpg,0,False,False,False
Contact_28_sslo_png_jpg.rf.ade3ab841a39b8e72bb4244f9717cac9.jpg,0,False,True,False
Contact_28_sslo_png_jpg.rf.ade3ab841a39b8e72bb4244f9717cac9.jpg,0,False,True,False
Contact_28_sslo_png_jpg.rf.ade3ab841a39b8e72bb4244f9717cac9.jpg,0,False,False,False
Contact_28_sslo_png_jpg.rf.ade3ab841a39b8e72bb4244f9717cac9.jpg,0,False,True,False
Contact_28_sslo_png_jpg.rf.ade3ab841a39b8e72bb4244f9717cac9.jpg,0,False,False,False
Contact_28_sslo_png_jpg.rf.ade3ab841a39b8e72bb4244f9717cac9.jpg,0,False,True,False
Contact_28_sslo_png_jpg.rf.ade3ab841a39b8e72bb4244f9717cac9.jpg,0,False,True,False
Contact_28_sslo_png_jpg.rf.ade3ab841a39b8e72bb4244f9717cac9.jpg,0,False,False,False
Contact_290_sslo_png_jpg.rf.3f508aaf077a4a326402514e12f36786.jpg,0,False,False,False
Contact_291_sslo_png_jpg.rf.444cc482b05aca6b10534e070786fd74.jpg,0,True,True,True
Contact_291_sslo_png_jpg.rf.444cc482b05aca6b10534e070786fd74.jpg,0,False,False,False
Contact_293_sslo_png_jpg.rf.0b99ef0fd05f4f1703dd8add94737870.jpg,0,True,True,True
Contact_294_sslo_png_jpg.rf.e6dda6f10d2da58f03b3dc5518cedd17.jpg,0,False,False,False
Contact_295_sslo_png_jpg.rf.99e3d6f27fb7fb6e07382ee396ae9ddb.jpg,0,False,False,False
Contact_296_sslo_png_jpg.rf.577a3728cf02d8536358ead2033edf5c.jpg,0,False,False,False
Contact_297_sslo_png_jpg.rf.70410b118bafc1c400eeed7c06205878.jpg,0,False,False,False
Contact_297_sslo_png_jpg.rf.70410b118bafc1c400eeed7c06205878.jpg,0,False,False,False
Contact_298_sslo_png_jpg.rf.4466e55eb0a7001fc9d4a3c3595320d2.jpg,0,False,False,False
Contact_299_sslo_png_jpg.rf.4116b9b1215d11f8ac8055aeed06ae5d.jpg,0,True,False,True
Contact_299_sslo_png_jpg.rf.4116b9b1215d11f8ac8055aeed06ae5d.jpg,0,False,False,False
Contact_29_sslo_png_jpg.rf.3d1c0ff549b121141d791f4682905cce.jpg,0,False,False,False
Contact_29_sslo_png_jpg.rf.3d1c0ff549b121141d791f4682905cce.jpg,0,False,False,False
Contact_2_sslo_png_jpg.rf.c4fc2a5441a7eabfd352e04564285c09.jpg,0,False,False,False
Contact_2_sslo_png_jpg.rf.c4fc2a5441a7eabfd352e04564285c09.jpg,0,False,False,False
Contact_2_sslo_png_jpg.rf.c4fc2a5441a7eabfd352e04564285c09.jpg,0,False,False,False
Contact_300_sslo_png_jpg.rf.a7bdde4fc5e2786fb5df926b5baf775d.jpg,0,False,False,False
Contact_300_sslo_png_jpg.rf.a7bdde4fc5e2786fb5df926b5baf775d.jpg,0,False,False,False
Contact_301_sslo_png_jpg.rf.14e9c8a8bde028dd84aa1908e869b93f.jpg,0,False,False,False
Contact_302_sslo_png_jpg.rf.f75fe5725e6498603f8d9e083a4f6ddd.jpg,0,False,False,False
Contact_306_flsimg_png_jpg.rf.b8c7438a0ebaf5232759a18f4fdc95ea.jpg,0,False,False,False
Contact_306_flsimg_png_jpg.rf.b8c7438a0ebaf5232759a18f4fdc95ea.jpg,0,False,False,False
Contact_306_flsimg_png_jpg.rf.b8c7438a0ebaf5232759a18f4fdc95ea.jpg,0,False,False,False
Contact_307_sslo_png_jpg.rf.b430d51bdc9ea9b8e0e095817a8a9fd2.jpg,0,False,False,False
Contact_308_sslo_png_jpg.rf.5b23e13a60dbb6696a93517e10d003bf.jpg,0,True,True,True
Contact_308_sslo_png_jpg.rf.5b23e13a60dbb6696a93517e10d003bf.jpg,0,True,True,True
Contact_309_sslo_png_jpg.rf.92a3ffc5bd0fdf6034a01ce0fa788796.jpg,0,True,True,True
Contact_309_sslo_png_jpg.rf.92a3ffc5bd0fdf6034a01ce0fa788796.jpg,0,True,True,True
Contact_30_sslo_png_jpg.rf.94a64b95208e70037f5286198377ddd1.jpg,0,False,True,False
Contact_30_sslo_png_jpg.rf.94a64b95208e70037f5286198377ddd1.jpg,0,False,False,False
Contact_310_sslo_png_jpg.rf.5e7b35b47b783e649ff3b364caacc6f9.jpg,0,False,False,False
Contact_310_sslo_png_jpg.rf.5e7b35b47b783e649ff3b364caacc6f9.jpg,0,False,False,False
Contact_311_sslo_png_jpg.rf.5043ad98f75af39201f0a4a9f0855663.jpg,0,False,False,False
Contact_312_sslo_png_jpg.rf.ad1fba285d4ccab7c26f2d35fc19e097.jpg,0,False,False,False
Contact_314_sslo_png_jpg.rf.7ea65a3fdd09d5ec779e0a799d9e35f9.jpg,0,False,False,False
Contact_314_sslo_png_jpg.rf.7ea65a3fdd09d5ec779e0a799d9e35f9.jpg,0,True,True,True
Contact_315_sslo_png_jpg.rf.89887e52af63612fc62e097153c080bb.jpg,0,False,False,False
Contact_315_sslo_png_jpg.rf.89887e52af63612fc62e097153c080bb.jpg,0,False,False,False
Contact_316_sslo_png_jpg.rf.a55a6adca38b8f5c76b852c07653ecbf.jpg,0,False,False,False
Contact_317_sslo_png_jpg.rf.c59c5f51a99a5ab040f0e4579ad7b8c5.jpg,0,True,True,True
Contact_317_sslo_png_jpg.rf.c59c5f51a99a5ab040f0e4579ad7b8c5.jpg,0,True,True,True
Contact_317_sslo_png_jpg.rf.c59c5f51a99a5ab040f0e4579ad7b8c5.jpg,0,True,True,True
Contact_317_sslo_png_jpg.rf.c59c5f51a99a5ab040f0e4579ad7b8c5.jpg,0,False,True,False
Contact_318_sslo_png_jpg.rf.5a2ccd282a3a9525327cc1a61b85daea.jpg,0,False,True,False
Contact_318_sslo_png_jpg.rf.5a2ccd282a3a9525327cc1a61b85daea.jpg,0,False,True,False
Contact_318_sslo_png_jpg.rf.5a2ccd282a3a9525327cc1a61b85daea.jpg,0,True,True,True
Contact_318_sslo_png_jpg.rf.5a2ccd282a3a9525327cc1a61b85daea.jpg,0,True,True,True
Contact_318_sslo_png_jpg.rf.5a2ccd282a3a9525327cc1a61b85daea.jpg,0,True,True,True
Contact_318_sslo_png_jpg.rf.5a2ccd282a3a9525327cc1a61b85daea.jpg,0,True,True,True
Contact_319_sslo_png_jpg.rf.fdf1777090f823549804df03c30f65b7.jpg,0,False,False,False
Contact_319_sslo_png_jpg.rf.fdf1777090f823549804df03c30f65b7.jpg,0,False,False,False
Contact_319_sslo_png_jpg.rf.fdf1777090f823549804df03c30f65b7.jpg,0,True,True,True
Contact_319_sslo_png_jpg.rf.fdf1777090f823549804df03c30f65b7.jpg,0,False,False,False
Contact_31_sslo_png_jpg.rf.c5d752622f26afdcb52475c6251562cd.jpg,0,False,False,False
Contact_31_sslo_png_jpg.rf.c5d752622f26afdcb52475c6251562cd.jpg,0,False,False,False
Contact_320_sslo_png_jpg.rf.f6498167281918fbf279f45f7adf14c6.jpg,0,False,False,False
Contact_320_sslo_png_jpg.rf.f6498167281918fbf279f45f7adf14c6.jpg,0,False,False,False
Contact_321_sslo_png_jpg.rf.1e440cc447e56f9183a7cd3662f3ba37.jpg,0,False,False,False
Contact_321_sslo_png_jpg.rf.1e440cc447e56f9183a7cd3662f3ba37.jpg,0,False,False,False
Contact_322_sslo_png_jpg.rf.3fe0237331fa3d2350c178f814b2385a.jpg,0,True,True,True
Contact_323_sslo_png_jpg.rf.338500cd672eb1850ac5d2b94955998f.jpg,0,False,False,False
Contact_323_sslo_png_jpg.rf.338500cd672eb1850ac5d2b94955998f.jpg,0,True,True,True
Contact_323_sslo_png_jpg.rf.338500cd672eb1850ac5d2b94955998f.jpg,0,True,True,True
Contact_324_sslo_png_jpg.rf.0968a491539a27a29083b799d8edf77a.jpg,0,False,False,False
Contact_324_sslo_png_jpg.rf.0968a491539a27a29083b799d8edf77a.jpg,0,True,True,True
Contact_324_sslo_png_jpg.rf.0968a491539a27a29083b799d8edf77a.jpg,0,False,False,False
Contact_324_sslo_png_jpg.rf.0968a491539a27a29083b799d8edf77a.jpg,0,False,False,False
Contact_324_sslo_png_jpg.rf.0968a491539a27a29083b799d8edf77a.jpg,0,False,False,False
Contact_325_sslo_png_jpg.rf.6fe2ca091545ebc39c0724147c9c2792.jpg,0,True,True,True
Contact_326_sslo_png_jpg.rf.5ab6aeebe72fca111a923a45156c1c2f.jpg,0,False,False,False
Contact_326_sslo_png_jpg.rf.5ab6aeebe72fca111a923a45156c1c2f.jpg,0,False,False,False
Contact_328_sslo_png_jpg.rf.2997f32a8e766379ada9a37768e12a62.jpg,0,False,False,False
Contact_328_sslo_png_jpg.rf.2997f32a8e766379ada9a37768e12a62.jpg,0,False,False,False
Contact_328_sslo_png_jpg.rf.2997f32a8e766379ada9a37768e12a62.jpg,0,False,False,False
Contact_328_sslo_png_jpg.rf.2997f32a8e766379ada9a37768e12a62.jpg,0,False,False,False
Contact_328_sslo_png_jpg.rf.2997f32a8e766379ada9a37768e12a62.jpg,0,True,True,True
Contact_329_sslo_png_jpg.rf.69bd7aba30b9fcf273f350dd7c5e9333.jpg,0,True,True,True
Contact_32_sslo_png_jpg.rf.710fed3612281088e015c25f255b1ddc.jpg,0,False,False,False
Contact_32_sslo_png_jpg.rf.710fed3612281088e015c25f255b1ddc.jpg,0,False,False,False
Contact_32_sslo_png_jpg.rf.710fed3612281088e015c25f255b1ddc.jpg,0,False,False,False
Contact_330_sslo_png_jpg.rf.694caf26c2944de3c84e9860b6da6639.jpg,0,False,False,False
Contact_330_sslo_png_jpg.rf.694caf26c2944de3c84e9860b6da6639.jpg,0,True,True,True
Contact_331_sslo_png_jpg.rf.0fd2bc2b05f4750032665b602fbcba91.jpg,0,False,False,False
Contact_331_sslo_png_jpg.rf.0fd2bc2b05f4750032665b602fbcba91.jpg,0,False,False,False
Contact_331_sslo_png_jpg.rf.0fd2bc2b05f4750032665b602fbcba91.jpg,0,False,False,False
Contact_332_sslo_png_jpg.rf.21f525c44b193ea6bde31d51d4c021e9.jpg,0,False,False,False
Contact_332_sslo_png_jpg.rf.21f525c44b193ea6bde31d51d4c021e9.jpg,0,False,False,False
Contact_335_sslo_png_jpg.rf.f41eb4638d862ae221dfd6281bb64136.jpg,0,False,False,False
Contact_335_sslo_png_jpg.rf.f41eb4638d862ae221dfd6281bb64136.jpg,0,True,True,True
Contact_335_sslo_png_jpg.rf.f41eb4638d862ae221dfd6281bb64136.jpg,0,True,True,True
Contact_335_sslo_png_jpg.rf.f41eb4638d862ae221dfd6281bb64136.jpg,0,True,True,True
Contact_336_sslo_png_jpg.rf.36a26f5f8d3fafb2987f4bbaa097ff8a.jpg,0,False,False,False
Contact_336_sslo_png_jpg.rf.36a26f5f8d3fafb2987f4bbaa097ff8a.jpg,0,True,True,True
Contact_336_sslo_png_jpg.rf.36a26f5f8d3fafb2987f4bbaa097ff8a.jpg,0,True,True,True
Contact_337_sslo_png_jpg.rf.d75bc94257f42de058d86a10dae86f60.jpg,0,True,True,True
Contact_337_sslo_png_jpg.rf.d75bc94257f42de058d86a10dae86f60.jpg,0,False,False,False
Contact_337_sslo_png_jpg.rf.d75bc94257f42de058d86a10dae86f60.jpg,0,True,True,True
Contact_337_sslo_png_jpg.rf.d75bc94257f42de058d86a10dae86f60.jpg,0,True,True,True
Contact_338_sslo_png_jpg.rf.e173e7b52c3473d90246929561fa3141.jpg,0,False,True,False
Contact_339_sslo_png_jpg.rf.cebb386c1ea8073323c358b898e90d2a.jpg,0,False,False,False
Contact_339_sslo_png_jpg.rf.cebb386c1ea8073323c358b898e90d2a.jpg,0,False,False,False
Contact_339_sslo_png_jpg.rf.cebb386c1ea8073323c358b898e90d2a.jpg,0,False,False,False
Contact_339_sslo_png_jpg.rf.cebb386c1ea8073323c358b898e90d2a.jpg,0,True,True,True
Contact_339_sslo_png_jpg.rf.cebb386c1ea8073323c358b898e90d2a.jpg,0,False,False,False
Contact_339_sslo_png_jpg.rf.cebb386c1ea8073323c358b898e90d2a.jpg,0,False,False,False
Contact_339_sslo_png_jpg.rf.cebb386c1ea8073323c358b898e90d2a.jpg,0,False,True,False
Contact_339_sslo_png_jpg.rf.cebb386c1ea8073323c358b898e90d2a.jpg,0,False,True,False
Contact_339_sslo_png_jpg.rf.cebb386c1ea8073323c358b898e90d2a.jpg,0,False,False,False
Contact_339_sslo_png_jpg.rf.cebb386c1ea8073323c358b898e90d2a.jpg,0,False,True,False
Contact_33_sslo_png_jpg.rf.d99e329c3363aeab56819cfd73515ae8.jpg,0,False,False,False
Contact_33_sslo_png_jpg.rf.d99e329c3363aeab56819cfd73515ae8.jpg,0,False,False,False
Contact_33_sslo_png_jpg.rf.d99e329c3363aeab56819cfd73515ae8.jpg,0,False,False,False
Contact_33_sslo_png_jpg.rf.d99e329c3363aeab56819cfd73515ae8.jpg,0,False,False,False
Contact_341_sslo_png_jpg.rf.d49deb4c6f7e5b9b01cfc19619ffb72c.jpg,0,False,False,False
Contact_341_sslo_png_jpg.rf.d49deb4c6f7e5b9b01cfc19619ffb72c.jpg,0,False,False,False
Contact_342_sslo_png_jpg.rf.a1a44b7a8b591350628b6c413a989a05.jpg,0,False,False,False
Contact_342_sslo_png_jpg.rf.a1a44b7a8b591350628b6c413a989a05.jpg,0,False,False,False
Contact_342_sslo_png_jpg.rf.a1a44b7a8b591350628b6c413a989a05.jpg,0,False,False,False
Contact_344_sslo_png_jpg.rf.a6164d6bde14d9ec84a9654bfb6ef188.jpg,0,False,False,False
Contact_345_sslo_png_jpg.rf.50529f3715b9adffb7e99bd257775188.jpg,0,True,True,True
Contact_346_sslo_png_jpg.rf.415154703daf0f58b673173b871bf9d2.jpg,0,False,False,False
Contact_346_sslo_png_jpg.rf.415154703daf0f58b673173b871bf9d2.jpg,0,False,False,False
Contact_346_sslo_png_jpg.rf.415154703daf0f58b673173b871bf9d2.jpg,0,False,False,False
Contact_346_sslo_png_jpg.rf.415154703daf0f58b673173b871bf9d2.jpg,0,True,True,True
Contact_347_sslo_png_jpg.rf.7b740aaceeb9a3cc465455e0837feda3.jpg,0,False,False,False
Contact_347_sslo_png_jpg.rf.7b740aaceeb9a3cc465455e0837feda3.jpg,0,True,True,True
Contact_347_sslo_png_jpg.rf.7b740aaceeb9a3cc465455e0837feda3.jpg,0,False,False,False
Contact_347_sslo_png_jpg.rf.7b740aaceeb9a3cc465455e0837feda3.jpg,0,True,True,True
Contact_348_sslo_png_jpg.rf.e68d9f54d6a014e730c156e4af4db52c.jpg,0,True,True,True
Contact_348_sslo_png_jpg.rf.e68d9f54d6a014e730c156e4af4db52c.jpg,0,True,True,True
Contact_348_sslo_png_jpg.rf.e68d9f54d6a014e730c156e4af4db52c.jpg,0,False,False,False
Contact_349_sslo_png_jpg.rf.f10d4a7a48a7d7cbddb021f065f676f9.jpg,0,False,True,False
Contact_349_sslo_png_jpg.rf.f10d4a7a48a7d7cbddb021f065f676f9.jpg,0,False,False,False
Contact_349_sslo_png_jpg.rf.f10d4a7a48a7d7cbddb021f065f676f9.jpg,0,True,True,True
Contact_349_sslo_png_jpg.rf.f10d4a7a48a7d7cbddb021f065f676f9.jpg,0,False,False,False
Contact_349_sslo_png_jpg.rf.f10d4a7a48a7d7cbddb021f065f676f9.jpg,0,False,False,False
Contact_34_flsimg_png_jpg.rf.e5a6f99bb6ec6cadf1e707ee3cb450fc.jpg,0,False,False,False
Contact_350_sslo_png_jpg.rf.6e0913ea061683dcd6486015b3738884.jpg,0,False,False,False
Contact_350_sslo_png_jpg.rf.6e0913ea061683dcd6486015b3738884.jpg,0,False,False,False
Contact_350_sslo_png_jpg.rf.6e0913ea061683dcd6486015b3738884.jpg,0,True,True,True
Contact_350_sslo_png_jpg.rf.6e0913ea061683dcd6486015b3738884.jpg,0,False,False,False
Contact_351_sslo_png_jpg.rf.8185a9d14033ef01148457c173c5d470.jpg,0,False,True,False
Contact_351_sslo_png_jpg.rf.8185a9d14033ef01148457c173c5d470.jpg,0,True,True,True
Contact_351_sslo_png_jpg.rf.8185a9d14033ef01148457c173c5d470.jpg,0,False,False,False
Contact_351_sslo_png_jpg.rf.8185a9d14033ef01148457c173c5d470.jpg,0,False,False,False
Contact_352_sslo_png_jpg.rf.9bebfe17a2679a137bccf2d183a31cdc.jpg,0,False,False,False
Contact_352_sslo_png_jpg.rf.9bebfe17a2679a137bccf2d183a31cdc.jpg,0,True,True,True
Contact_352_sslo_png_jpg.rf.9bebfe17a2679a137bccf2d183a31cdc.jpg,0,True,True,True
Contact_353_sslo_png_jpg.rf.ecaa459670ec947eb3ad010481985906.jpg,0,False,False,False
Contact_354_sslo_png_jpg.rf.b61f5ccde0f3eaf3797ee29fdaa9a601.jpg,0,True,True,True
Contact_354_sslo_png_jpg.rf.b61f5ccde0f3eaf3797ee29fdaa9a601.jpg,0,False,False,False
Contact_354_sslo_png_jpg.rf.b61f5ccde0f3eaf3797ee29fdaa9a601.jpg,0,True,True,True
Contact_354_sslo_png_jpg.rf.b61f5ccde0f3eaf3797ee29fdaa9a601.jpg,0,False,False,False
Contact_355_sslo_png_jpg.rf.0f213f70178f3987de48db5a948dbe67.jpg,0,False,False,False
Contact_355_sslo_png_jpg.rf.0f213f70178f3987de48db5a948dbe67.jpg,0,False,False,False
Contact_355_sslo_png_jpg.rf.0f213f70178f3987de48db5a948dbe67.jpg,0,False,False,False
Contact_355_sslo_png_jpg.rf.0f213f70178f3987de48db5a948dbe67.jpg,0,False,False,False
Contact_356_sslo_png_jpg.rf.4a842d4803a82bb60aa341ba5cab81c1.jpg,0,False,False,False
Contact_356_sslo_png_jpg.rf.4a842d4803a82bb60aa341ba5cab81c1.jpg,0,True,True,True
Contact_356_sslo_png_jpg.rf.4a842d4803a82bb60aa341ba5cab81c1.jpg,0,False,False,False
Contact_356_sslo_png_jpg.rf.4a842d4803a82bb60aa341ba5cab81c1.jpg,0,True,True,True
Contact_357_sslo_png_jpg.rf.45a6eafa6ad1c841f9955d32bc3a4d41.jpg,0,False,False,False
Contact_357_sslo_png_jpg.rf.45a6eafa6ad1c841f9955d32bc3a4d41.jpg,0,True,True,True
Contact_357_sslo_png_jpg.rf.45a6eafa6ad1c841f9955d32bc3a4d41.jpg,0,True,True,True
Contact_357_sslo_png_jpg.rf.45a6eafa6ad1c841f9955d32bc3a4d41.jpg,0,True,True,True
Contact_357_sslo_png_jpg.rf.45a6eafa6ad1c841f9955d32bc3a4d41.jpg,0,False,False,False
Contact_357_sslo_png_jpg.rf.45a6eafa6ad1c841f9955d32bc3a4d41.jpg,0,False,False,False
Contact_358_flsimg_png_jpg.rf.02995bee8aca3c7381982fca0a698cb4.jpg,0,True,True,True
Contact_359_flsimg_png_jpg.rf.9e4b8315990be4bb8cb6ddbd23e39631.jpg,0,True,True,True
Contact_359_flsimg_png_jpg.rf.9e4b8315990be4bb8cb6ddbd23e39631.jpg,0,True,True,True
Contact_359_flsimg_png_jpg.rf.9e4b8315990be4bb8cb6ddbd23e39631.jpg,0,False,False,False
Contact_35_flsimg_png_jpg.rf.e6503f31a4b7c8925a6be7a0c04ba267.jpg,0,False,False,False
Contact_360_flsimg_png_jpg.rf.da5ebda2fa7e1e3e02b6915f8f6e8c5e.jpg,0,True,True,True
Contact_361_sslo_png_jpg.rf.8a6be244f6eb22e74d06e0bca3f1a952.jpg,0,True,True,True
Contact_361_sslo_png_jpg.rf.8a6be244f6eb22e74d06e0bca3f1a952.jpg,0,False,True,False
Contact_361_sslo_png_jpg.rf.8a6be244f6eb22e74d06e0bca3f1a952.jpg,0,False,True,False
Contact_362_sslo_png_jpg.rf.f974a654998c079fb6bc7838e5b5bf58.jpg,0,False,False,False
Contact_362_sslo_png_jpg.rf.f974a654998c079fb6bc7838e5b5bf58.jpg,0,True,True,True
Contact_362_sslo_png_jpg.rf.f974a654998c079fb6bc7838e5b5bf58.jpg,0,True,True,True
Contact_362_sslo_png_jpg.rf.f974a654998c079fb6bc7838e5b5bf58.jpg,0,True,True,True
Contact_363_sslo_png_jpg.rf.48581650c3ff50533832602b4f4372af.jpg,0,True,True,True
Contact_363_sslo_png_jpg.rf.48581650c3ff50533832602b4f4372af.jpg,0,False,False,False
Contact_364_sslo_png_jpg.rf.b3cf2f4c8e2343eb26a6ea207c6f48a4.jpg,0,True,True,True
Contact_364_sslo_png_jpg.rf.b3cf2f4c8e2343eb26a6ea207c6f48a4.jpg,0,True,True,True
Contact_365_sslo_png_jpg.rf.34f77096284ac2d74d3fd27d41d0c536.jpg,0,True,True,True
Contact_365_sslo_png_jpg.rf.34f77096284ac2d74d3fd27d41d0c536.jpg,0,True,True,True
Contact_366_sslo_png_jpg.rf.83785db314d2bda25056ef053ed66765.jpg,0,True,True,True
Contact_367_sslo_png_jpg.rf.16ca3534dba385fa309835352b44bf31.jpg,0,False,False,False
Contact_367_sslo_png_jpg.rf.16ca3534dba385fa309835352b44bf31.jpg,0,False,False,False
Contact_367_sslo_png_jpg.rf.16ca3534dba385fa309835352b44bf31.jpg,0,False,False,False
Contact_36_sslo_png_jpg.rf.d72a05882fc97c8430b0e5078020c5a5.jpg,0,False,True,False
Contact_376_sslo_png_jpg.rf.1b08bf96cf6191e3590963f463ea4502.jpg,0,False,False,False
Contact_377_sslo_png_jpg.rf.f4b78557bb96c04408dfb6efcfde7933.jpg,0,False,False,False
Contact_378_sslo_png_jpg.rf.0badef58b0975836f038b3ff324e5626.jpg,0,True,True,True
Contact_379_sslo_png_jpg.rf.54b5278e7c0c7dfbbe792e77fda6a728.jpg,0,False,False,False
Contact_380_sslo_png_jpg.rf.3fc1fd368201477e8873e08721af1913.jpg,0,False,False,False
Contact_381_sslo_png_jpg.rf.9fa1c4719e396cd58cf6778aba025688.jpg,0,True,True,True
Contact_382_sslo_png_jpg.rf.5a174ae93eb8effcd6b607fdc198c023.jpg,0,True,True,True
Contact_382_sslo_png_jpg.rf.5a174ae93eb8effcd6b607fdc198c023.jpg,0,False,False,False
Contact_383_sslo_png_jpg.rf.6f684541cbf6e297ffc9960e9c9219b6.jpg,0,True,True,True
Contact_383_sslo_png_jpg.rf.6f684541cbf6e297ffc9960e9c9219b6.jpg,0,True,True,True
Contact_384_sslo_png_jpg.rf.91142df6b5516701a798d490f9288d9a.jpg,0,False,False,False
Contact_385_sslo_png_jpg.rf.4348ede119e3663acc7ffba9909e71b4.jpg,0,True,True,True
Contact_386_sslo_png_jpg.rf.14143e3bb8ce9b6c08fb8501df51e9a0.jpg,0,True,False,True
Contact_387_sslo_png_jpg.rf.575b91153009e9f857c49fe495a5a414.jpg,0,True,True,True
Contact_388_sslo_png_jpg.rf.c6df02fb3b38d690b1d6ed4d8fdc27d7.jpg,0,False,False,False
Contact_388_sslo_png_jpg.rf.c6df02fb3b38d690b1d6ed4d8fdc27d7.jpg,0,False,False,False
Contact_389_sslo_png_jpg.rf.97c2e1c88c4b0866725b84716866c955.jpg,0,False,False,False
Contact_391_sslo_png_jpg.rf.909c562b4cdade22d0fe6937bda842e0.jpg,0,True,True,True
Contact_391_sslo_png_jpg.rf.909c562b4cdade22d0fe6937bda842e0.jpg,0,True,True,True
Contact_392_sslo_png_jpg.rf.2d1ac3894d2c8531ec63f4fd6c45d224.jpg,0,True,True,True
Contact_396_sslo_png_jpg.rf.72b479819ac4d501f85a61b970ed18f0.jpg,0,False,False,False
Contact_397_sslo_png_jpg.rf.56415fcd1ef3dc4a2ebf4cc8b997c5c2.jpg,0,False,False,False
Contact_398_sslo_png_jpg.rf.c05406ad45f13ddbd8ada70899d45d2c.jpg,0,False,False,False
Contact_398_sslo_png_jpg.rf.c05406ad45f13ddbd8ada70899d45d2c.jpg,0,True,True,True
Contact_399_sslo_png_jpg.rf.6b76611879fa8fe8841a188730d14df2.jpg,0,True,True,True
Contact_39_sslo_png_jpg.rf.b2d381bd3820f4d2dd317d1a98b658f3.jpg,0,False,False,False
Contact_39_sslo_png_jpg.rf.b2d381bd3820f4d2dd317d1a98b658f3.jpg,0,False,False,False
Contact_3_sslo_png_jpg.rf.383fe43e039a3a3236f5bb1964b753da.jpg,0,False,False,False
Contact_3_sslo_png_jpg.rf.383fe43e039a3a3236f5bb1964b753da.jpg,0,False,False,False
Contact_3_sslo_png_jpg.rf.383fe43e039a3a3236f5bb1964b753da.jpg,0,False,False,False
Contact_3_sslo_png_jpg.rf.383fe43e039a3a3236f5bb1964b753da.jpg,0,False,False,False
Contact_400_sslo_png_jpg.rf.1b8ca6787a2cedf0e37aaa9d1ed03b3b.jpg,0,True,True,True
Contact_401_sslo_png_jpg.rf.458b35a077acf29df53a019086b2fc7f.jpg,0,True,True,True
Contact_401_sslo_png_jpg.rf.458b35a077acf29df53a019086b2fc7f.jpg,0,True,True,True
Contact_402_sslo_png_jpg.rf.7b81263be7514f46fa90c71642c9a712.jpg,0,True,True,True
Contact_402_sslo_png_jpg.rf.7b81263be7514f46fa90c71642c9a712.jpg,0,True,True,True
Contact_403_sslo_png_jpg.rf.f89c2ee38bb2806efaa42ebb27ae4896.jpg,0,True,True,True
Contact_404_sslo_png_jpg.rf.1827336cdb26c8e2f43435e5b40defdf.jpg,0,True,True,True
Contact_407_sslo_png_jpg.rf.d7473d3c2bbf2ae54f4bf765d2162d8b.jpg,0,False,False,False
Contact_408_sslo_png_jpg.rf.5de4e0ca635d9aa9f3ee1ccc809b2f19.jpg,0,False,False,False
Contact_408_sslo_png_jpg.rf.5de4e0ca635d9aa9f3ee1ccc809b2f19.jpg,0,False,False,False
Contact_408_sslo_png_jpg.rf.5de4e0ca635d9aa9f3ee1ccc809b2f19.jpg,0,True,True,True
Contact_409_sslo_png_jpg.rf.51d3b095719762247495e310b43111c4.jpg,0,True,True,True
Contact_409_sslo_png_jpg.rf.51d3b095719762247495e310b43111c4.jpg,0,False,False,False
Contact_40_sslo_png_jpg.rf.98565ed4b4b23921accbe5f0ea173f29.jpg,0,False,False,False
Contact_40_sslo_png_jpg.rf.98565ed4b4b23921accbe5f0ea173f29.jpg,0,True,True,True
Contact_40_sslo_png_jpg.rf.98565ed4b4b23921accbe5f0ea173f29.jpg,0,False,True,False
Contact_40_sslo_png_jpg.rf.98565ed4b4b23921accbe5f0ea173f29.jpg,0,False,False,False
Contact_411_sslo_png_jpg.rf.a81f98116b6afea75f9724843c8b88ac.jpg,0,False,False,False
Contact_413_sslo_png_jpg.rf.6fbc0016c8c1d8d044ccaf11fa5d14fc.jpg,0,True,True,True
Contact_414_sslo_png_jpg.rf.aebeb591650631979f478a61ee67e431.jpg,0,False,False,False
Contact_415_sslo_png_jpg.rf.bbeb3d7be07904d6c118bfa33c66b8f2.jpg,0,True,True,True
Contact_416_sslo_png_jpg.rf.8d3e4e9eb435c8973b17f200016136c4.jpg,0,True,True,True
Contact_417_sslo_png_jpg.rf.2c3ad5ef96e6dd20dc7fd220c813f48f.jpg,0,True,True,True
Contact_419_sslo_png_jpg.rf.cd1d9f36292dff0f9d2c5e4e8674253c.jpg,0,False,False,False
Contact_41_sslo_png_jpg.rf.29f1e558399eea4d1c6e4163bc5dd3dc.jpg,0,False,False,False
Contact_41_sslo_png_jpg.rf.29f1e558399eea4d1c6e4163bc5dd3dc.jpg,0,False,False,False
Contact_41_sslo_png_jpg.rf.29f1e558399eea4d1c6e4163bc5dd3dc.jpg,0,False,True,False
Contact_420_sslo_png_jpg.rf.fa02f72b7dc380ae3fea41bd4a9adc2d.jpg,0,False,False,False
Contact_421_sslo_png_jpg.rf.255e75d6342fbf899cdfdc91aa57de3d.jpg,0,True,True,True
Contact_422_sslo_png_jpg.rf.c2e86f3054800fcfba6e752684025ca2.jpg,0,False,False,False
Contact_422_sslo_png_jpg.rf.c2e86f3054800fcfba6e752684025ca2.jpg,0,False,False,False
Contact_423_sslo_png_jpg.rf.2b6849adee06937a54f48ad3aeb0466d.jpg,0,True,True,True
Contact_423_sslo_png_jpg.rf.2b6849adee06937a54f48ad3aeb0466d.jpg,0,True,True,True
Contact_424_sslo_png_jpg.rf.be67a1807512de0851f85e8d9f2dc75b.jpg,0,False,False,False
Contact_424_sslo_png_jpg.rf.be67a1807512de0851f85e8d9f2dc75b.jpg,0,True,True,True
Contact_425_sslo_png_jpg.rf.61dc72cf9c63c9337da3982f5af42676.jpg,0,False,False,False
Contact_426_sslo_png_jpg.rf.44c0acddd057d5e953aa928a02c19557.jpg,0,True,True,True
Contact_427_sslo_png_jpg.rf.e1a4bee616c98973db033e9d7a2e85bf.jpg,0,False,False,False
Contact_430_sslo_png_jpg.rf.82dbfe22034bba4c1a81f01c88123adb.jpg,0,False,False,False
Contact_430_sslo_png_jpg.rf.82dbfe22034bba4c1a81f01c88123adb.jpg,0,True,True,True
Contact_431_sslo_png_jpg.rf.6901eacd08ca2dcb09b9b94bc527142d.jpg,0,False,False,False
Contact_431_sslo_png_jpg.rf.6901eacd08ca2dcb09b9b94bc527142d.jpg,0,False,False,False
Contact_431_sslo_png_jpg.rf.6901eacd08ca2dcb09b9b94bc527142d.jpg,0,False,False,False
Contact_431_sslo_png_jpg.rf.6901eacd08ca2dcb09b9b94bc527142d.jpg,0,False,False,False
Contact_431_sslo_png_jpg.rf.6901eacd08ca2dcb09b9b94bc527142d.jpg,0,True,True,True
Contact_431_sslo_png_jpg.rf.6901eacd08ca2dcb09b9b94bc527142d.jpg,0,True,True,True
Contact_432_sslo_png_jpg.rf.262d749cc5ac91549aae0213ede71841.jpg,0,False,False,False
Contact_433_sslo_png_jpg.rf.f9abff1f3c20d69b60f15ace2669f35d.jpg,0,True,True,True
Contact_434_sslo_png_jpg.rf.e8275078e4b186b218d0508483be67c5.jpg,0,True,True,True
Contact_435_sslo_png_jpg.rf.5a374d6355d249a85017471a7b7c1bdc.jpg,0,True,True,True
Contact_435_sslo_png_jpg.rf.5a374d6355d249a85017471a7b7c1bdc.jpg,0,False,False,False
Contact_436_sslo_png_jpg.rf.67776e723b260628788936cbacaf0e86.jpg,0,False,False,False
Contact_437_sslo_png_jpg.rf.88633c832f7717a7899a319569f373a2.jpg,0,False,False,False
Contact_439_sslo_png_jpg.rf.1efb88e91ff766483701f0e3463a0d08.jpg,0,False,False,False
Contact_440_sslo_png_jpg.rf.fbc62354777093143ba7514510599c26.jpg,0,True,True,True
Contact_444_sslo_png_jpg.rf.314d6ff5877f63007cd937b1c0a799a0.jpg,0,False,False,False
Contact_445_sslo_png_jpg.rf.0842a805647805bafb03e15072fec181.jpg,0,False,False,False
Contact_446_sslo_png_jpg.rf.8503bc56195ce824442e9b71fb9f5b81.jpg,0,True,True,True
Contact_449_sslo_png_jpg.rf.e76f04b484e658b0469898ee32dbad29.jpg,0,False,False,False
Contact_44_sslo_png_jpg.rf.2fc17d7c7661855487c5e526549cce43.jpg,0,False,False,False
Contact_44_sslo_png_jpg.rf.2fc17d7c7661855487c5e526549cce43.jpg,0,False,False,False
Contact_44_sslo_png_jpg.rf.2fc17d7c7661855487c5e526549cce43.jpg,0,True,True,True
Contact_44_sslo_png_jpg.rf.2fc17d7c7661855487c5e526549cce43.jpg,0,True,True,True
Contact_450_sslo_png_jpg.rf.293da0bce4700755728676b6d7d20fbd.jpg,0,False,False,False
Contact_450_sslo_png_jpg.rf.293da0bce4700755728676b6d7d20fbd.jpg,0,False,False,False
Contact_454_sslo_png_jpg.rf.2f6a61150188f47406bbce84ae4b618c.jpg,0,False,False,False
Contact_455_sslo_png_jpg.rf.89f7c2e38029d3c76515cf9d3a3a5c90.jpg,0,False,False,False
Contact_457_sslo_png_jpg.rf.4c7d8c6804250d08b46937d88baf72ce.jpg,0,True,True,True
Contact_458_sslo_png_jpg.rf.034b3e64e55c2e154e2eb245aaa425e8.jpg,0,True,True,True
Contact_459_sslo_png_jpg.rf.a215780f9bcd75f42fecb7b8cbf8c1dd.jpg,0,False,False,False
Contact_45_sslo_png_jpg.rf.a0f3832bae09e3de083ff3741fe283dc.jpg,0,False,True,False
Contact_45_sslo_png_jpg.rf.a0f3832bae09e3de083ff3741fe283dc.jpg,0,False,False,False
Contact_45_sslo_png_jpg.rf.a0f3832bae09e3de083ff3741fe283dc.jpg,0,True,True,True
Contact_45_sslo_png_jpg.rf.a0f3832bae09e3de083ff3741fe283dc.jpg,0,False,False,False
Contact_45_sslo_png_jpg.rf.a0f3832bae09e3de083ff3741fe283dc.jpg,0,False,True,False
Contact_460_sslo_png_jpg.rf.07f97cc0607eca31f184df9838472961.jpg,0,False,False,False
Contact_461_sslo_png_jpg.rf.9df52980a466061c992b0613c56b7d43.jpg,0,True,True,True
Contact_462_sslo_png_jpg.rf.677a0f7bc7a84441565b6e27fecd2631.jpg,0,True,True,True
Contact_463_sslo_png_jpg.rf.fb238628cadd92f2c5d006520b217484.jpg,0,False,False,False
Contact_463_sslo_png_jpg.rf.fb238628cadd92f2c5d006520b217484.jpg,0,True,True,True
Contact_465_sslo_png_jpg.rf.ea06a2a29f2dee45b3db2d0412e75402.jpg,0,True,True,True
Contact_466_sslo_png_jpg.rf.7efce4ea1d22079a7267e08cb3b4fa67.jpg,0,True,True,True
Contact_467_sslo_png_jpg.rf.79eb99912687d784b255c38e9a360a53.jpg,0,False,False,False
Contact_467_sslo_png_jpg.rf.79eb99912687d784b255c38e9a360a53.jpg,0,False,False,False
Contact_468_sslo_png_jpg.rf.2913f3366b872f806391334d4fc039fa.jpg,0,True,True,True
Contact_468_sslo_png_jpg.rf.2913f3366b872f806391334d4fc039fa.jpg,0,False,False,False
Contact_468_sslo_png_jpg.rf.2913f3366b872f806391334d4fc039fa.jpg,0,False,False,False
Contact_468_sslo_png_jpg.rf.2913f3366b872f806391334d4fc039fa.jpg,0,False,False,False
Contact_468_sslo_png_jpg.rf.2913f3366b872f806391334d4fc039fa.jpg,0,True,True,True
Contact_469_sslo_png_jpg.rf.77028a0d5748cdab1143bd34ce7c6422.jpg,0,True,True,True
Contact_469_sslo_png_jpg.rf.77028a0d5748cdab1143bd34ce7c6422.jpg,0,True,True,True
Contact_46_sslo_png_jpg.rf.e3c54c2c896af9747ed8b31f4817a664.jpg,0,False,False,False
Contact_46_sslo_png_jpg.rf.e3c54c2c896af9747ed8b31f4817a664.jpg,0,False,False,False
Contact_46_sslo_png_jpg.rf.e3c54c2c896af9747ed8b31f4817a664.jpg,0,False,False,False
Contact_46_sslo_png_jpg.rf.e3c54c2c896af9747ed8b31f4817a664.jpg,0,False,False,False
Contact_470_sslo_png_jpg.rf.38bb6d6878125b9f8013e07a2cfd25df.jpg,0,True,True,True
Contact_470_sslo_png_jpg.rf.38bb6d6878125b9f8013e07a2cfd25df.jpg,0,False,False,False
Contact_471_sslo_png_jpg.rf.ed4c91fddcf00fe681f194dba91aa293.jpg,0,False,False,False
Contact_471_sslo_png_jpg.rf.ed4c91fddcf00fe681f194dba91aa293.jpg,0,True,True,True
Contact_472_sslo_png_jpg.rf.c9c5980815f5bf70c19457f6b4d9d476.jpg,0,True,True,True
Contact_473_sslo_png_jpg.rf.a3c44c0eeee359b0c51da9571047f1cc.jpg,0,False,True,False
Contact_473_sslo_png_jpg.rf.a3c44c0eeee359b0c51da9571047f1cc.jpg,0,True,True,True
Contact_474_sslo_png_jpg.rf.d6f1eb15c0d8007a844c41932e987ac5.jpg,0,True,True,True
Contact_474_sslo_png_jpg.rf.d6f1eb15c0d8007a844c41932e987ac5.jpg,0,False,False,False
Contact_475_sslo_png_jpg.rf.5456dbe3a13795e7cf4104c5beec747a.jpg,0,True,True,True
Contact_477_sslo_png_jpg.rf.74dc543a2bc9a0b69d0faa3b111985af.jpg,0,True,True,True
Contact_479_sslo_png_jpg.rf.460405868e77d7cf3eefa0664680270d.jpg,0,False,False,False
Contact_47_sslo_png_jpg.rf.30f2d356f998e14b0f59e7d4bcc801d5.jpg,0,True,True,True
Contact_47_sslo_png_jpg.rf.30f2d356f998e14b0f59e7d4bcc801d5.jpg,0,False,True,False
Contact_47_sslo_png_jpg.rf.30f2d356f998e14b0f59e7d4bcc801d5.jpg,0,False,False,False
Contact_47_sslo_png_jpg.rf.30f2d356f998e14b0f59e7d4bcc801d5.jpg,0,False,False,False
Contact_47_sslo_png_jpg.rf.30f2d356f998e14b0f59e7d4bcc801d5.jpg,0,False,False,False
Contact_47_sslo_png_jpg.rf.30f2d356f998e14b0f59e7d4bcc801d5.jpg,0,False,False,False
Contact_47_sslo_png_jpg.rf.30f2d356f998e14b0f59e7d4bcc801d5.jpg,0,False,False,False
Contact_480_sslo_png_jpg.rf.ce16cc842bc523605131af0cae8675b1.jpg,0,True,True,True
Contact_481_sslo_png_jpg.rf.833904eea597ad4ee628e4e1e2e674d9.jpg,0,True,True,True
Contact_482_sslo_png_jpg.rf.083af0abd186aab080346152d8b01b1c.jpg,0,False,False,False
Contact_483_sslo_png_jpg.rf.9230526ccbc24b71da0c596cbb6e429e.jpg,0,False,False,False
Contact_485_sslo_png_jpg.rf.b52dd00f0a5f64e8f4c746e7f9720f79.jpg,0,True,True,True
Contact_486_sslo_png_jpg.rf.f14fe8289aed2c302e395504a36f73d2.jpg,0,True,True,True
Contact_488_sslo_png_jpg.rf.804ea8c32cfb86c4fdd91d8e1902f909.jpg,0,False,False,False
Contact_488_sslo_png_jpg.rf.804ea8c32cfb86c4fdd91d8e1902f909.jpg,0,False,False,False
Contact_489_sslo_png_jpg.rf.ac7f4f69d47188a2af6e81145240e499.jpg,0,True,True,True
Contact_48_sslo_png_jpg.rf.d189ab2a3a8adba2cf654305b529da3a.jpg,0,False,False,False
Contact_48_sslo_png_jpg.rf.d189ab2a3a8adba2cf654305b529da3a.jpg,0,True,True,True
Contact_48_sslo_png_jpg.rf.d189ab2a3a8adba2cf654305b529da3a.jpg,0,False,False,False
Contact_48_sslo_png_jpg.rf.d189ab2a3a8adba2cf654305b529da3a.jpg,0,False,False,False
Contact_48_sslo_png_jpg.rf.d189ab2a3a8adba2cf654305b529da3a.jpg,0,False,False,False
Contact_48_sslo_png_jpg.rf.d189ab2a3a8adba2cf654305b529da3a.jpg,0,False,False,False
Contact_48_sslo_png_jpg.rf.d189ab2a3a8adba2cf654305b529da3a.jpg,0,False,False,False
Contact_48_sslo_png_jpg.rf.d189ab2a3a8adba2cf654305b529da3a.jpg,0,False,False,False
Contact_48_sslo_png_jpg.rf.d189ab2a3a8adba2cf654305b529da3a.jpg,0,False,False,False
Contact_48_sslo_png_jpg.rf.d189ab2a3a8adba2cf654305b529da3a.jpg,0,False,False,False
Contact_48_sslo_png_jpg.rf.d189ab2a3a8adba2cf654305b529da3a.jpg,0,False,False,False
Contact_48_sslo_png_jpg.rf.d189ab2a3a8adba2cf654305b529da3a.jpg,0,False,False,False
Contact_490_sslo_png_jpg.rf.36f7863708fd85a8a4bd9e23a084921c.jpg,0,False,False,False
Contact_491_sslo_png_jpg.rf.d235b7cd4c53dc14c141fbc30f31ec36.jpg,0,False,False,False
Contact_491_sslo_png_jpg.rf.d235b7cd4c53dc14c141fbc30f31ec36.jpg,0,True,True,True
Contact_491_sslo_png_jpg.rf.d235b7cd4c53dc14c141fbc30f31ec36.jpg,0,False,False,False
Contact_493_sslo_png_jpg.rf.e7070ee017867b8297d7cbccdacc6b8a.jpg,0,True,True,True
Contact_493_sslo_png_jpg.rf.e7070ee017867b8297d7cbccdacc6b8a.jpg,0,False,False,False
Contact_494_sslo_png_jpg.rf.050b1475b24aa9aa1b39e5ef1c59b808.jpg,0,False,False,False
Contact_494_sslo_png_jpg.rf.050b1475b24aa9aa1b39e5ef1c59b808.jpg,0,False,False,False
Contact_495_sslo_png_jpg.rf.008a8f603c08a465c91ca1fb07482b4d.jpg,0,True,True,True
Contact_496_sslo_png_jpg.rf.51877d30c762910a641b749ea5713b67.jpg,0,True,True,True
Contact_497_sslo_png_jpg.rf.029571a886a3c1a41e3e6afa8880e198.jpg,0,False,False,False
Contact_497_sslo_png_jpg.rf.029571a886a3c1a41e3e6afa8880e198.jpg,0,True,True,True
Contact_498_sslo_png_jpg.rf.b703db6590c156ca4fd6cedeb39b4376.jpg,0,True,True,True
Contact_49_sslo_png_jpg.rf.8c05243c1f3f50b52decbb6287d1782c.jpg,0,False,False,False
Contact_49_sslo_png_jpg.rf.8c05243c1f3f50b52decbb6287d1782c.jpg,0,False,True,False
Contact_49_sslo_png_jpg.rf.8c05243c1f3f50b52decbb6287d1782c.jpg,0,False,False,False
Contact_49_sslo_png_jpg.rf.8c05243c1f3f50b52decbb6287d1782c.jpg,0,True,True,True
Contact_49_sslo_png_jpg.rf.8c05243c1f3f50b52decbb6287d1782c.jpg,0,False,True,False
Contact_4_sslo_png_jpg.rf.c6861b5ad2d3fa80c4595f60a5e3e906.jpg,0,True,True,True
Contact_501_sslo_png_jpg.rf.14f91120781ca1d0d5605c0dc5a20ac0.jpg,0,False,False,False
Contact_502_sslo_png_jpg.rf.23e1768b72596d24070382ac3161dd3c.jpg,0,True,True,True
Contact_503_sslo_png_jpg.rf.2daf42512079567bd7f8875867a37289.jpg,0,False,False,False
Contact_504_sslo_png_jpg.rf.44b0a50325ed1b24e20b73cce813ffc0.jpg,0,False,False,False
Contact_506_sslo_png_jpg.rf.979310d3510a084d3f900d3baf9a5394.jpg,0,True,True,True
Contact_508_sslo_png_jpg.rf.550b7f019d4e9245ab1eda542e62c96b.jpg,0,False,False,False
Contact_509_sslo_png_jpg.rf.65172990c24cbc3f488b1d63a5582aa5.jpg,0,True,True,True
Contact_509_sslo_png_jpg.rf.65172990c24cbc3f488b1d63a5582aa5.jpg,0,False,False,False
Contact_509_sslo_png_jpg.rf.65172990c24cbc3f488b1d63a5582aa5.jpg,0,False,False,False
Contact_50_sslo_png_jpg.rf.f8a7789f05edcf93ec874a0cefb5b797.jpg,0,False,False,False
Contact_50_sslo_png_jpg.rf.f8a7789f05edcf93ec874a0cefb5b797.jpg,0,False,False,False
Contact_50_sslo_png_jpg.rf.f8a7789f05edcf93ec874a0cefb5b797.jpg,0,False,False,False
Contact_50_sslo_png_jpg.rf.f8a7789f05edcf93ec874a0cefb5b797.jpg,0,False,False,False
Contact_50_sslo_png_jpg.rf.f8a7789f05edcf93ec874a0cefb5b797.jpg,0,True,True,True
Contact_50_sslo_png_jpg.rf.f8a7789f05edcf93ec874a0cefb5b797.jpg,0,True,True,True
Contact_510_sslo_png_jpg.rf.c504a878045e7a44eae7b28616d5fbe8.jpg,0,True,True,True
Contact_511_sslo_png_jpg.rf.eeaca71a277353f3918a370a6334bde0.jpg,0,False,False,False
Contact_511_sslo_png_jpg.rf.eeaca71a277353f3918a370a6334bde0.jpg,0,True,True,True
Contact_512_sslo_png_jpg.rf.567060048b9af31dbc520f0152fe795a.jpg,0,False,False,False
Contact_512_sslo_png_jpg.rf.567060048b9af31dbc520f0152fe795a.jpg,0,True,True,True
Contact_513_sslo_png_jpg.rf.4e4bc2e0ed24cb264c4f71ecdc696980.jpg,0,True,True,True
Contact_514_sslo_png_jpg.rf.3b0c6e7a339d25913fb3089f4a5fa0e8.jpg,0,False,False,False
Contact_515_sslo_png_jpg.rf.9130a073c8946f00dc62cf1c9a63803d.jpg,0,True,True,True
Contact_517_sslo_png_jpg.rf.9d73c80fc01da52cf7992e5403731f70.jpg,0,True,True,True
Contact_518_sslo_png_jpg.rf.8dad7d4f7e6e55927c54ba9a01a3670f.jpg,0,True,True,True
Contact_519_sslo_png_jpg.rf.84e7c0e79d4de8c0be9028b6938b2ced.jpg,0,True,True,True
Contact_51_sslo_png_jpg.rf.27d7b2542f59f5cdbdae1915db300376.jpg,0,False,True,False
Contact_51_sslo_png_jpg.rf.27d7b2542f59f5cdbdae1915db300376.jpg,0,False,False,False
Contact_51_sslo_png_jpg.rf.27d7b2542f59f5cdbdae1915db300376.jpg,0,False,False,False
Contact_51_sslo_png_jpg.rf.27d7b2542f59f5cdbdae1915db300376.jpg,0,False,False,False
Contact_51_sslo_png_jpg.rf.27d7b2542f59f5cdbdae1915db300376.jpg,0,False,False,False
Contact_51_sslo_png_jpg.rf.27d7b2542f59f5cdbdae1915db300376.jpg,0,True,True,True
Contact_51_sslo_png_jpg.rf.27d7b2542f59f5cdbdae1915db300376.jpg,0,True,True,True
Contact_51_sslo_png_jpg.rf.27d7b2542f59f5cdbdae1915db300376.jpg,0,False,False,False
Contact_51_sslo_png_jpg.rf.27d7b2542f59f5cdbdae1915db300376.jpg,0,False,True,False
Contact_51_sslo_png_jpg.rf.27d7b2542f59f5cdbdae1915db300376.jpg,0,False,False,False
Contact_51_sslo_png_jpg.rf.27d7b2542f59f5cdbdae1915db300376.jpg,0,False,True,False
Contact_51_sslo_png_jpg.rf.27d7b2542f59f5cdbdae1915db300376.jpg,0,False,False,False
Contact_51_sslo_png_jpg.rf.27d7b2542f59f5cdbdae1915db300376.jpg,0,False,False,False
Contact_521_sslo_png_jpg.rf.235dcefaf07491fc8fc0c8a058bd1ae2.jpg,0,False,False,False
Contact_522_sslo_png_jpg.rf.2399259386d15120e503e19eea9118de.jpg,0,False,False,False
Contact_524_sslo_png_jpg.rf.5516a33ea16b74c9bb18b73dc2ba53c4.jpg,0,False,False,False
Contact_525_sslo_png_jpg.rf.3382d77c91b61a1ce3f482ed2029e526.jpg,0,True,True,True
Contact_526_sslo_png_jpg.rf.79e7db22cfa9ce44c22b2d5e5b06dd02.jpg,0,True,True,True
Contact_527_sslo_png_jpg.rf.8c912c3dc09ed711f2b6eb5ff43cd195.jpg,0,False,False,False
Contact_529_sslo_png_jpg.rf.1484d13872f900d97039089f6c75901f.jpg,0,False,False,False
Contact_52_sslo_png_jpg.rf.a0a92dd2c64d9c6b476cade6dff7bf29.jpg,0,False,False,False
Contact_52_sslo_png_jpg.rf.a0a92dd2c64d9c6b476cade6dff7bf29.jpg,0,False,False,False
Contact_52_sslo_png_jpg.rf.a0a92dd2c64d9c6b476cade6dff7bf29.jpg,0,False,False,False
Contact_52_sslo_png_jpg.rf.a0a92dd2c64d9c6b476cade6dff7bf29.jpg,0,False,True,False
Contact_52_sslo_png_jpg.rf.a0a92dd2c64d9c6b476cade6dff7bf29.jpg,0,False,False,False
Contact_52_sslo_png_jpg.rf.a0a92dd2c64d9c6b476cade6dff7bf29.jpg,0,False,False,False
Contact_52_sslo_png_jpg.rf.a0a92dd2c64d9c6b476cade6dff7bf29.jpg,0,False,False,False
Contact_530_sslo_png_jpg.rf.9792f322f9ac52940e311b1580721028.jpg,0,True,True,True
Contact_532_sslo_png_jpg.rf.ce246ef1303cdca27799c7f9c4899308.jpg,0,True,True,True
Contact_532_sslo_png_jpg.rf.ce246ef1303cdca27799c7f9c4899308.jpg,0,False,False,False
Contact_533_sslo_png_jpg.rf.6e1d473d8daadfd188ee58d94c4cbfa4.jpg,0,False,False,False
Contact_534_sslo_png_jpg.rf.0260b3616b452ee24efaf78d897732eb.jpg,0,False,False,False
Contact_535_sslo_png_jpg.rf.900b70ae6bcd445b8dbff838ea730866.jpg,0,True,True,True
Contact_536_sslo_png_jpg.rf.2d3cfa50e23d48140323f6b4c52f74a9.jpg,0,False,False,False
Contact_537_sslo_png_jpg.rf.58b37d3de2fefab045455f9b03ee8f22.jpg,0,True,True,True
Contact_537_sslo_png_jpg.rf.58b37d3de2fefab045455f9b03ee8f22.jpg,0,False,False,False
Contact_537_sslo_png_jpg.rf.58b37d3de2fefab045455f9b03ee8f22.jpg,0,True,True,True
Contact_537_sslo_png_jpg.rf.58b37d3de2fefab045455f9b03ee8f22.jpg,0,False,False,False
Contact_538_sslo_png_jpg.rf.05d32b9beeaf8a9e50ba8179ed96a065.jpg,0,False,False,False
Contact_538_sslo_png_jpg.rf.05d32b9beeaf8a9e50ba8179ed96a065.jpg,0,False,False,False
Contact_538_sslo_png_jpg.rf.05d32b9beeaf8a9e50ba8179ed96a065.jpg,0,False,True,False
Contact_538_sslo_png_jpg.rf.05d32b9beeaf8a9e50ba8179ed96a065.jpg,0,True,True,True
Contact_539_sslo_png_jpg.rf.d89d2560007233ea6d99e22cfb7c2929.jpg,0,False,False,False
Contact_539_sslo_png_jpg.rf.d89d2560007233ea6d99e22cfb7c2929.jpg,0,True,True,True
Contact_539_sslo_png_jpg.rf.d89d2560007233ea6d99e22cfb7c2929.jpg,0,True,True,True
Contact_539_sslo_png_jpg.rf.d89d2560007233ea6d99e22cfb7c2929.jpg,0,True,True,True
Contact_53_sslo_png_jpg.rf.d0806789707c19c573326c90537acfc2.jpg,0,False,False,False
Contact_53_sslo_png_jpg.rf.d0806789707c19c573326c90537acfc2.jpg,0,False,False,False
Contact_53_sslo_png_jpg.rf.d0806789707c19c573326c90537acfc2.jpg,0,True,True,True
Contact_53_sslo_png_jpg.rf.d0806789707c19c573326c90537acfc2.jpg,0,False,False,False
Contact_540_sslo_png_jpg.rf.f78cede58a59965d9fbd6c897b6a7584.jpg,0,False,False,False
Contact_540_sslo_png_jpg.rf.f78cede58a59965d9fbd6c897b6a7584.jpg,0,False,False,False
Contact_540_sslo_png_jpg.rf.f78cede58a59965d9fbd6c897b6a7584.jpg,0,False,False,False
Contact_540_sslo_png_jpg.rf.f78cede58a59965d9fbd6c897b6a7584.jpg,0,True,True,True
Contact_541_sslo_png_jpg.rf.b83d05a8ea685ba29777a5d06c8e1211.jpg,0,False,False,False
Contact_541_sslo_png_jpg.rf.b83d05a8ea685ba29777a5d06c8e1211.jpg,0,False,False,False
Contact_541_sslo_png_jpg.rf.b83d05a8ea685ba29777a5d06c8e1211.jpg,0,False,False,False
Contact_542_sslo_png_jpg.rf.1437d6d62f88832ed44a32a0b88d6e10.jpg,0,False,False,False
Contact_542_sslo_png_jpg.rf.1437d6d62f88832ed44a32a0b88d6e10.jpg,0,False,False,False
Contact_542_sslo_png_jpg.rf.1437d6d62f88832ed44a32a0b88d6e10.jpg,0,True,True,True
Contact_543_sslo_png_jpg.rf.095023f2dcb98a7fd234f3f0ed682419.jpg,0,False,False,False
Contact_544_sslo_png_jpg.rf.37980f06f8ed5913e2385e0d41835cad.jpg,0,False,False,False
Contact_544_sslo_png_jpg.rf.37980f06f8ed5913e2385e0d41835cad.jpg,0,False,False,False
Contact_545_sslo_png_jpg.rf.98a1972b8b074c0d89bece30536b662b.jpg,0,True,True,True
Contact_546_sslo_png_jpg.rf.da0157da092ac1fd6de6cf3832248e0c.jpg,0,True,True,True
Contact_547_sslo_png_jpg.rf.126f488c38d50a58c774b32e3c8df344.jpg,0,False,False,False
Contact_548_sslo_png_jpg.rf.67958b756a9c603c31c93058fab6b4fc.jpg,0,False,False,False
Contact_548_sslo_png_jpg.rf.67958b756a9c603c31c93058fab6b4fc.jpg,0,False,False,False
Contact_548_sslo_png_jpg.rf.67958b756a9c603c31c93058fab6b4fc.jpg,0,False,True,False
Contact_548_sslo_png_jpg.rf.67958b756a9c603c31c93058fab6b4fc.jpg,0,True,True,True
Contact_549_sslo_png_jpg.rf.f578bb82fa2c90b171620945b0691d71.jpg,0,False,False,False
Contact_549_sslo_png_jpg.rf.f578bb82fa2c90b171620945b0691d71.jpg,0,True,True,True
Contact_54_sslo_png_jpg.rf.97339b83f8c0c3ac1da3ee55361b92eb.jpg,0,False,True,False
Contact_54_sslo_png_jpg.rf.97339b83f8c0c3ac1da3ee55361b92eb.jpg,0,False,False,False
Contact_54_sslo_png_jpg.rf.97339b83f8c0c3ac1da3ee55361b92eb.jpg,0,False,True,False
Contact_54_sslo_png_jpg.rf.97339b83f8c0c3ac1da3ee55361b92eb.jpg,0,False,True,False
Contact_54_sslo_png_jpg.rf.97339b83f8c0c3ac1da3ee55361b92eb.jpg,0,False,False,False
Contact_54_sslo_png_jpg.rf.97339b83f8c0c3ac1da3ee55361b92eb.jpg,0,False,True,False
Contact_54_sslo_png_jpg.rf.97339b83f8c0c3ac1da3ee55361b92eb.jpg,0,False,False,False
Contact_54_sslo_png_jpg.rf.97339b83f8c0c3ac1da3ee55361b92eb.jpg,0,False,False,False
Contact_54_sslo_png_jpg.rf.97339b83f8c0c3ac1da3ee55361b92eb.jpg,0,False,False,False
Contact_54_sslo_png_jpg.rf.97339b83f8c0c3ac1da3ee55361b92eb.jpg,0,False,False,False
Contact_550_sslo_png_jpg.rf.15d0d4f9b47594b6e1af9d3b93de523a.jpg,0,True,True,True
Contact_550_sslo_png_jpg.rf.15d0d4f9b47594b6e1af9d3b93de523a.jpg,0,True,False,True
Contact_550_sslo_png_jpg.rf.15d0d4f9b47594b6e1af9d3b93de523a.jpg,0,False,False,False
Contact_551_sslo_png_jpg.rf.dbb7491dda6acaa70d839554a0e4a8b4.jpg,0,True,False,True
Contact_551_sslo_png_jpg.rf.dbb7491dda6acaa70d839554a0e4a8b4.jpg,0,True,True,True
Contact_552_sslo_png_jpg.rf.a5f4b4d570abcdaf3cd7a15f548a8d5e.jpg,0,False,False,False
Contact_552_sslo_png_jpg.rf.a5f4b4d570abcdaf3cd7a15f548a8d5e.jpg,0,True,True,True
Contact_552_sslo_png_jpg.rf.a5f4b4d570abcdaf3cd7a15f548a8d5e.jpg,0,True,True,True
Contact_552_sslo_png_jpg.rf.a5f4b4d570abcdaf3cd7a15f548a8d5e.jpg,0,False,False,False
Contact_553_sslo_png_jpg.rf.21e77caf2e4de42250c2c50c0f21835f.jpg,0,True,True,True
Contact_555_sslo_png_jpg.rf.89cec04b210c9d14187fcb9e81b1e28f.jpg,0,True,True,True
Contact_556_sslo_png_jpg.rf.e79ef2a2af3921930965cb5e9b363d70.jpg,0,True,True,True
Contact_556_sslo_png_jpg.rf.e79ef2a2af3921930965cb5e9b363d70.jpg,0,False,False,False
Contact_557_sslo_png_jpg.rf.6c2d18304d168c0881f4603c1dc290ab.jpg,0,False,False,False
Contact_558_sslo_png_jpg.rf.57f542c267d8bed106d424e89094ac25.jpg,0,False,True,False
Contact_558_sslo_png_jpg.rf.57f542c267d8bed106d424e89094ac25.jpg,0,True,True,True
Contact_559_sslo_png_jpg.rf.45c306e0a9a380bcb915d55519835a1c.jpg,0,False,False,False
Contact_55_sslo_png_jpg.rf.f8b96ac19f9746f79138afb534324313.jpg,0,False,False,False
Contact_55_sslo_png_jpg.rf.f8b96ac19f9746f79138afb534324313.jpg,0,False,False,False
Contact_55_sslo_png_jpg.rf.f8b96ac19f9746f79138afb534324313.jpg,0,False,False,False
Contact_55_sslo_png_jpg.rf.f8b96ac19f9746f79138afb534324313.jpg,0,False,False,False
Contact_560_sslo_png_jpg.rf.01273b22f18b0c626ddf9d750917dd55.jpg,0,True,True,True
Contact_560_sslo_png_jpg.rf.01273b22f18b0c626ddf9d750917dd55.jpg,0,False,True,False
Contact_561_sslo_png_jpg.rf.0baacb9bb0355ad3a5463a737e5421d7.jpg,0,False,False,False
Contact_561_sslo_png_jpg.rf.0baacb9bb0355ad3a5463a737e5421d7.jpg,0,True,True,True
Contact_562_sslo_png_jpg.rf.6aad7f0eb1108d8d5e590a08bd7e7fa1.jpg,0,True,True,True
Contact_562_sslo_png_jpg.rf.6aad7f0eb1108d8d5e590a08bd7e7fa1.jpg,0,True,True,True
Contact_563_sslo_png_jpg.rf.1a9008d089db57d2ed48d4508ba1cb3d.jpg,0,False,False,False
Contact_563_sslo_png_jpg.rf.1a9008d089db57d2ed48d4508ba1cb3d.jpg,0,True,True,True
Contact_564_sslo_png_jpg.rf.16daa3b5bbaca687d08b66da65c2aca3.jpg,0,False,False,False
Contact_565_sslo_png_jpg.rf.9d260a4bade7fff0a5816baaac47691b.jpg,0,False,False,False
Contact_566_sslo_png_jpg.rf.4a407a36db9c37913d49a244e30ce71f.jpg,0,False,True,False
Contact_566_sslo_png_jpg.rf.4a407a36db9c37913d49a244e30ce71f.jpg,0,True,True,True
Contact_567_sslo_png_jpg.rf.f190da816959b83d2586c831c08e606a.jpg,0,False,True,False
Contact_567_sslo_png_jpg.rf.f190da816959b83d2586c831c08e606a.jpg,0,True,True,True
Contact_568_sslo_png_jpg.rf.34ea545fe79a01b99f22f159645762bf.jpg,0,True,True,True
Contact_568_sslo_png_jpg.rf.34ea545fe79a01b99f22f159645762bf.jpg,0,False,False,False
Contact_569_sslo_png_jpg.rf.68d5297902e646ca7384c73edb68485a.jpg,0,False,False,False
Contact_56_sslo_png_jpg.rf.eed77ed349c97226d96799445f52f52c.jpg,0,False,False,False
Contact_56_sslo_png_jpg.rf.eed77ed349c97226d96799445f52f52c.jpg,0,False,False,False
Contact_56_sslo_png_jpg.rf.eed77ed349c97226d96799445f52f52c.jpg,0,False,False,False
Contact_56_sslo_png_jpg.rf.eed77ed349c97226d96799445f52f52c.jpg,0,False,False,False
Contact_56_sslo_png_jpg.rf.eed77ed349c97226d96799445f52f52c.jpg,0,False,False,False
Contact_56_sslo_png_jpg.rf.eed77ed349c97226d96799445f52f52c.jpg,0,False,False,False
Contact_571_sslo_png_jpg.rf.947758264fb701fcf5d58b3cfd3279e2.jpg,0,True,True,True
Contact_572_sslo_png_jpg.rf.b0c6983e8e6c9d77f22758f162ea0c48.jpg,0,False,False,False
Contact_572_sslo_png_jpg.rf.b0c6983e8e6c9d77f22758f162ea0c48.jpg,0,False,False,False
Contact_572_sslo_png_jpg.rf.b0c6983e8e6c9d77f22758f162ea0c48.jpg,0,False,False,False
Contact_573_sslo_png_jpg.rf.dae107b8e5f8eac05ac1861a0927a1dc.jpg,0,False,False,False
Contact_574_sslo_png_jpg.rf.0d3a14506fb734e5b78a04cfe3172d2f.jpg,0,False,False,False
Contact_575_sslo_png_jpg.rf.7652e3a2aca2b4e6dda7fa8b37999103.jpg,0,False,False,False
Contact_575_sslo_png_jpg.rf.7652e3a2aca2b4e6dda7fa8b37999103.jpg,0,False,False,False
Contact_575_sslo_png_jpg.rf.7652e3a2aca2b4e6dda7fa8b37999103.jpg,0,False,False,False
Contact_576_sslo_png_jpg.rf.3a278323ee97c01cdd88aae148b66ae1.jpg,0,True,True,True
Contact_578_sslo_png_jpg.rf.17688015eb8af08be0a0368d15119829.jpg,0,False,False,False
Contact_578_sslo_png_jpg.rf.17688015eb8af08be0a0368d15119829.jpg,0,True,True,True
Contact_579_sslo_png_jpg.rf.4c2e658928f7f20ea0e7cd5c38c095ce.jpg,0,True,True,True
Contact_57_sslo_png_jpg.rf.7e70af212899e731488627d2f1dd2abc.jpg,0,False,False,False
Contact_57_sslo_png_jpg.rf.7e70af212899e731488627d2f1dd2abc.jpg,0,False,False,False
Contact_57_sslo_png_jpg.rf.7e70af212899e731488627d2f1dd2abc.jpg,0,False,False,False
Contact_57_sslo_png_jpg.rf.7e70af212899e731488627d2f1dd2abc.jpg,0,False,False,False
Contact_57_sslo_png_jpg.rf.7e70af212899e731488627d2f1dd2abc.jpg,0,False,False,False
Contact_57_sslo_png_jpg.rf.7e70af212899e731488627d2f1dd2abc.jpg,0,False,False,False
Contact_580_sslo_png_jpg.rf.ff73702f30b95b593c49547660204b52.jpg,0,True,True,True
Contact_581_sslo_png_jpg.rf.a109dceaa87deec152bb030254e15fb9.jpg,0,True,True,True
Contact_582_sslo_png_jpg.rf.de2e3cb07b9abb1318dbafadf4dc6d7b.jpg,0,True,True,True
Contact_582_sslo_png_jpg.rf.de2e3cb07b9abb1318dbafadf4dc6d7b.jpg,0,False,False,False
Contact_58_sslo_png_jpg.rf.e966f83845350e285f632c0f368e4892.jpg,0,False,False,False
Contact_58_sslo_png_jpg.rf.e966f83845350e285f632c0f368e4892.jpg,0,False,True,False
Contact_58_sslo_png_jpg.rf.e966f83845350e285f632c0f368e4892.jpg,0,False,False,False
Contact_58_sslo_png_jpg.rf.e966f83845350e285f632c0f368e4892.jpg,0,False,False,False
Contact_58_sslo_png_jpg.rf.e966f83845350e285f632c0f368e4892.jpg,0,False,False,False
Contact_58_sslo_png_jpg.rf.e966f83845350e285f632c0f368e4892.jpg,0,True,True,True
Contact_58_sslo_png_jpg.rf.e966f83845350e285f632c0f368e4892.jpg,0,False,False,False
Contact_58_sslo_png_jpg.rf.e966f83845350e285f632c0f368e4892.jpg,0,True,True,True
Contact_58_sslo_png_jpg.rf.e966f83845350e285f632c0f368e4892.jpg,0,False,False,False
Contact_59_sslo_png_jpg.rf.146390cd5fcb20f43266d40afd6f42ad.jpg,0,False,False,False
Contact_59_sslo_png_jpg.rf.146390cd5fcb20f43266d40afd6f42ad.jpg,0,False,False,False
Contact_59_sslo_png_jpg.rf.146390cd5fcb20f43266d40afd6f42ad.jpg,0,False,False,False
Contact_59_sslo_png_jpg.rf.146390cd5fcb20f43266d40afd6f42ad.jpg,0,False,False,False
Contact_59_sslo_png_jpg.rf.146390cd5fcb20f43266d40afd6f42ad.jpg,0,False,True,False
Contact_59_sslo_png_jpg.rf.146390cd5fcb20f43266d40afd6f42ad.jpg,0,False,False,False
Contact_59_sslo_png_jpg.rf.146390cd5fcb20f43266d40afd6f42ad.jpg,0,False,True,False
Contact_59_sslo_png_jpg.rf.146390cd5fcb20f43266d40afd6f42ad.jpg,0,False,False,False
Contact_59_sslo_png_jpg.rf.146390cd5fcb20f43266d40afd6f42ad.jpg,0,False,False,False
Contact_5_sslo_png_jpg.rf.2c0876d4712185905a2770dc129dbdea.jpg,0,False,False,False
Contact_5_sslo_png_jpg.rf.2c0876d4712185905a2770dc129dbdea.jpg,0,False,False,False
Contact_60_sslo_png_jpg.rf.f1f98de4c0bab5b2a221fa6fccb2687a.jpg,0,False,False,False
Contact_60_sslo_png_jpg.rf.f1f98de4c0bab5b2a221fa6fccb2687a.jpg,0,False,False,False
Contact_60_sslo_png_jpg.rf.f1f98de4c0bab5b2a221fa6fccb2687a.jpg,0,False,False,False
Contact_60_sslo_png_jpg.rf.f1f98de4c0bab5b2a221fa6fccb2687a.jpg,0,True,True,True
Contact_60_sslo_png_jpg.rf.f1f98de4c0bab5b2a221fa6fccb2687a.jpg,0,False,False,False
Contact_60_sslo_png_jpg.rf.f1f98de4c0bab5b2a221fa6fccb2687a.jpg,0,True,True,True
Contact_60_sslo_png_jpg.rf.f1f98de4c0bab5b2a221fa6fccb2687a.jpg,0,False,False,False
Contact_60_sslo_png_jpg.rf.f1f98de4c0bab5b2a221fa6fccb2687a.jpg,0,False,False,False
Contact_61_sslo_png_jpg.rf.7741f6749dcba643edbfc805bd9eb4df.jpg,0,False,False,False
Contact_61_sslo_png_jpg.rf.7741f6749dcba643edbfc805bd9eb4df.jpg,0,False,False,False
Contact_61_sslo_png_jpg.rf.7741f6749dcba643edbfc805bd9eb4df.jpg,0,False,False,False
Contact_61_sslo_png_jpg.rf.7741f6749dcba643edbfc805bd9eb4df.jpg,0,False,False,False
Contact_61_sslo_png_jpg.rf.7741f6749dcba643edbfc805bd9eb4df.jpg,0,False,False,False
Contact_61_sslo_png_jpg.rf.7741f6749dcba643edbfc805bd9eb4df.jpg,0,False,False,False
Contact_61_sslo_png_jpg.rf.7741f6749dcba643edbfc805bd9eb4df.jpg,0,False,False,False
Contact_61_sslo_png_jpg.rf.7741f6749dcba643edbfc805bd9eb4df.jpg,0,False,True,False
Contact_62_sslo_png_jpg.rf.58a73bfc525861b101b240d1ae219f67.jpg,0,False,False,False
Contact_62_sslo_png_jpg.rf.58a73bfc525861b101b240d1ae219f67.jpg,0,False,False,False
Contact_62_sslo_png_jpg.rf.58a73bfc525861b101b240d1ae219f67.jpg,0,False,False,False
Contact_62_sslo_png_jpg.rf.58a73bfc525861b101b240d1ae219f67.jpg,0,False,False,False
Contact_62_sslo_png_jpg.rf.58a73bfc525861b101b240d1ae219f67.jpg,0,False,False,False
Contact_63_sslo_png_jpg.rf.3bd2a50616d0ae3124ef8d883eba48dc.jpg,0,False,False,False
Contact_65_sslo_png_jpg.rf.6ebe7e8a4e0b4912904978b174e29576.jpg,0,False,False,False
Contact_66_sslo_png_jpg.rf.b722337fecefab059438bf98e86012aa.jpg,0,True,True,True
Contact_66_sslo_png_jpg.rf.b722337fecefab059438bf98e86012aa.jpg,0,False,False,False
Contact_67_sslo_png_jpg.rf.023f91e124cd006bbc1f5157596f0b20.jpg,0,False,True,False
Contact_68_sslo_png_jpg.rf.edec8f128ec4608c3327f053ad4e920f.jpg,0,False,False,False
Contact_68_sslo_png_jpg.rf.edec8f128ec4608c3327f053ad4e920f.jpg,0,False,False,False
Contact_69_sslo_png_jpg.rf.c58e8014f3e71383227c44cdd9cfa500.jpg,0,True,True,True
Contact_69_sslo_png_jpg.rf.c58e8014f3e71383227c44cdd9cfa500.jpg,0,False,False,False
Contact_6_sslo_png_jpg.rf.2de7766f5aef565297aa3c7db0eb530d.jpg,0,False,False,False
Contact_70_sslo_png_jpg.rf.3de8de82078aa15dace2d6968972047b.jpg,0,False,False,False
Contact_70_sslo_png_jpg.rf.3de8de82078aa15dace2d6968972047b.jpg,0,False,False,False
Contact_70_sslo_png_jpg.rf.3de8de82078aa15dace2d6968972047b.jpg,0,False,False,False
Contact_71_sslo_png_jpg.rf.b1e05ce7044a9da28a5f9c13cef619ce.jpg,0,False,False,False
Contact_71_sslo_png_jpg.rf.b1e05ce7044a9da28a5f9c13cef619ce.jpg,0,False,False,False
Contact_72_sslo_png_jpg.rf.5e8a6ad18d5a78391cb52f38e13a241b.jpg,0,False,False,False
Contact_72_sslo_png_jpg.rf.5e8a6ad18d5a78391cb52f38e13a241b.jpg,0,True,True,True
Contact_73_sslo_png_jpg.rf.52aeba7cb05bd7d43decced67c388f52.jpg,0,True,True,True
Contact_73_sslo_png_jpg.rf.52aeba7cb05bd7d43decced67c388f52.jpg,0,False,False,False
Contact_73_sslo_png_jpg.rf.52aeba7cb05bd7d43decced67c388f52.jpg,0,False,True,False
Contact_74_sslo_png_jpg.rf.3d9401c3d4d60164248d28b5250a097e.jpg,0,False,False,False
Contact_74_sslo_png_jpg.rf.3d9401c3d4d60164248d28b5250a097e.jpg,0,False,False,False
Contact_74_sslo_png_jpg.rf.3d9401c3d4d60164248d28b5250a097e.jpg,0,False,False,False
Contact_74_sslo_png_jpg.rf.3d9401c3d4d60164248d28b5250a097e.jpg,0,False,False,False
Contact_75_sslo_png_jpg.rf.116a3a06b6a9e280190b53316d02a3cb.jpg,0,False,False,False
Contact_75_sslo_png_jpg.rf.116a3a06b6a9e280190b53316d02a3cb.jpg,0,True,True,True
Contact_75_sslo_png_jpg.rf.116a3a06b6a9e280190b53316d02a3cb.jpg,0,True,True,True
Contact_75_sslo_png_jpg.rf.116a3a06b6a9e280190b53316d02a3cb.jpg,0,False,False,False
Contact_76_sslo_png_jpg.rf.2270613a82b828a884a8f1aa4e882f54.jpg,0,True,True,True
Contact_76_sslo_png_jpg.rf.2270613a82b828a884a8f1aa4e882f54.jpg,0,False,True,False
Contact_76_sslo_png_jpg.rf.2270613a82b828a884a8f1aa4e882f54.jpg,0,False,True,False
Contact_76_sslo_png_jpg.rf.2270613a82b828a884a8f1aa4e882f54.jpg,0,True,True,True
Contact_77_sslo_png_jpg.rf.ad700b73149bfbebc153ed7e1736aa71.jpg,0,True,True,True
Contact_77_sslo_png_jpg.rf.ad700b73149bfbebc153ed7e1736aa71.jpg,0,False,True,False
Contact_77_sslo_png_jpg.rf.ad700b73149bfbebc153ed7e1736aa71.jpg,0,False,False,False
Contact_78_sslo_png_jpg.rf.982617a103951ccb3d58a70e6edddb3d.jpg,0,False,True,False
Contact_78_sslo_png_jpg.rf.982617a103951ccb3d58a70e6edddb3d.jpg,0,True,True,True
Contact_79_sslo_png_jpg.rf.c73e313da7403f5c39a6ec46a88aaafe.jpg,0,False,False,False
Contact_7_sslo_png_jpg.rf.d10c19a955015387582ac46977080aee.jpg,0,False,False,False
Contact_80_sslo_png_jpg.rf.655b56cd420906db8d6d289d699a4bf5.jpg,0,False,False,False
Contact_81_sslo_png_jpg.rf.d8f998aa2206c6eb13817a7de643f206.jpg,0,False,False,False
Contact_81_sslo_png_jpg.rf.d8f998aa2206c6eb13817a7de643f206.jpg,0,False,False,False
Contact_81_sslo_png_jpg.rf.d8f998aa2206c6eb13817a7de643f206.jpg,0,False,False,False
Contact_82_sslo_png_jpg.rf.96f158f9609612f8bdd5e68c0bf501bf.jpg,0,False,False,False
Contact_82_sslo_png_jpg.rf.96f158f9609612f8bdd5e68c0bf501bf.jpg,0,False,False,False
Contact_82_sslo_png_jpg.rf.96f158f9609612f8bdd5e68c0bf501bf.jpg,0,False,False,False
Contact_82_sslo_png_jpg.rf.96f158f9609612f8bdd5e68c0bf501bf.jpg,0,True,True,True
Contact_83_sslo_png_jpg.rf.09ce612963888c38d07e17f7e5d71bd6.jpg,0,False,False,False
Contact_83_sslo_png_jpg.rf.09ce612963888c38d07e17f7e5d71bd6.jpg,0,False,True,False
Contact_83_sslo_png_jpg.rf.09ce612963888c38d07e17f7e5d71bd6.jpg,0,False,False,False
Contact_83_sslo_png_jpg.rf.09ce612963888c38d07e17f7e5d71bd6.jpg,0,True,True,True
Contact_84_sslo_png_jpg.rf.53c36f47352c5c28b82d639b9d407de4.jpg,0,False,False,False
Contact_84_sslo_png_jpg.rf.53c36f47352c5c28b82d639b9d407de4.jpg,0,False,False,False
Contact_84_sslo_png_jpg.rf.53c36f47352c5c28b82d639b9d407de4.jpg,0,False,True,False
Contact_84_sslo_png_jpg.rf.53c36f47352c5c28b82d639b9d407de4.jpg,0,False,False,False
Contact_84_sslo_png_jpg.rf.53c36f47352c5c28b82d639b9d407de4.jpg,0,True,False,True
Contact_85_sslo_png_jpg.rf.bde4a60a995d1567ed7d2afa71e2401b.jpg,0,False,False,False
Contact_85_sslo_png_jpg.rf.bde4a60a995d1567ed7d2afa71e2401b.jpg,0,True,True,True
Contact_85_sslo_png_jpg.rf.bde4a60a995d1567ed7d2afa71e2401b.jpg,0,False,False,False
Contact_85_sslo_png_jpg.rf.bde4a60a995d1567ed7d2afa71e2401b.jpg,0,True,True,True
Contact_86_sslo_png_jpg.rf.ffd084d9ea12aad7840f42a5618c15d3.jpg,0,True,True,True
Contact_86_sslo_png_jpg.rf.ffd084d9ea12aad7840f42a5618c15d3.jpg,0,True,True,True
Contact_87_sslo_png_jpg.rf.7ab0b906d110dd3a3386fb1ce7153ea2.jpg,0,True,True,True
Contact_87_sslo_png_jpg.rf.7ab0b906d110dd3a3386fb1ce7153ea2.jpg,0,False,False,False
Contact_89_sslo_png_jpg.rf.4ddb9c583e161a917a036a0ad1de5bfe.jpg,0,False,False,False
Contact_89_sslo_png_jpg.rf.4ddb9c583e161a917a036a0ad1de5bfe.jpg,0,False,False,False
Contact_8_sslo_png_jpg.rf.1a91c6df006a0020dcbd624838a1b8a6.jpg,0,False,False,False
Contact_90_sslo_png_jpg.rf.a8fda4ee7ed573a88ea462eb71c8970f.jpg,0,False,False,False
Contact_91_sslo_png_jpg.rf.8eb61af9cf5de51a91a51097f710be9c.jpg,0,False,False,False
Contact_91_sslo_png_jpg.rf.8eb61af9cf5de51a91a51097f710be9c.jpg,0,False,False,False
Contact_91_sslo_png_jpg.rf.8eb61af9cf5de51a91a51097f710be9c.jpg,0,False,False,False
Contact_91_sslo_png_jpg.rf.8eb61af9cf5de51a91a51097f710be9c.jpg,0,False,False,False
Contact_91_sslo_png_jpg.rf.8eb61af9cf5de51a91a51097f710be9c.jpg,0,False,False,False
Contact_91_sslo_png_jpg.rf.8eb61af9cf5de51a91a51097f710be9c.jpg,0,False,False,False
Contact_91_sslo_png_jpg.rf.8eb61af9cf5de51a91a51097f710be9c.jpg,0,False,False,False
Contact_92_sslo_png_jpg.rf.5b1c55e2901953c336a30fce369a879c.jpg,0,False,False,False
Contact_92_sslo_png_jpg.rf.5b1c55e2901953c336a30fce369a879c.jpg,0,False,False,False
Contact_92_sslo_png_jpg.rf.5b1c55e2901953c336a30fce369a879c.jpg,0,False,False,False
Contact_92_sslo_png_jpg.rf.5b1c55e2901953c336a30fce369a879c.jpg,0,False,False,False
Contact_92_sslo_png_jpg.rf.5b1c55e2901953c336a30fce369a879c.jpg,0,False,False,False
Contact_93_sslo_png_jpg.rf.d26ac7fb94a125b1e2580038189c3c3d.jpg,0,False,False,False
Contact_93_sslo_png_jpg.rf.d26ac7fb94a125b1e2580038189c3c3d.jpg,0,False,False,False
Contact_93_sslo_png_jpg.rf.d26ac7fb94a125b1e2580038189c3c3d.jpg,0,False,False,False
Contact_93_sslo_png_jpg.rf.d26ac7fb94a125b1e2580038189c3c3d.jpg,0,False,False,False
Contact_93_sslo_png_jpg.rf.d26ac7fb94a125b1e2580038189c3c3d.jpg,0,False,False,False
Contact_94_sslo_png_jpg.rf.58bb10cd82022fb5be3eecf80887a39d.jpg,0,False,False,False
Contact_94_sslo_png_jpg.rf.58bb10cd82022fb5be3eecf80887a39d.jpg,0,False,False,False
Contact_94_sslo_png_jpg.rf.58bb10cd82022fb5be3eecf80887a39d.jpg,0,False,False,False
Contact_94_sslo_png_jpg.rf.58bb10cd82022fb5be3eecf80887a39d.jpg,0,False,False,False
Contact_94_sslo_png_jpg.rf.58bb10cd82022fb5be3eecf80887a39d.jpg,0,False,False,False
Contact_94_sslo_png_jpg.rf.58bb10cd82022fb5be3eecf80887a39d.jpg,0,False,False,False
Contact_94_sslo_png_jpg.rf.58bb10cd82022fb5be3eecf80887a39d.jpg,0,False,False,False
Contact_94_sslo_png_jpg.rf.58bb10cd82022fb5be3eecf80887a39d.jpg,0,False,False,False
Contact_95_sslo_png_jpg.rf.c5b3219878f334dc530ab28216c2f184.jpg,0,False,False,False
Contact_95_sslo_png_jpg.rf.c5b3219878f334dc530ab28216c2f184.jpg,0,False,False,False
Contact_95_sslo_png_jpg.rf.c5b3219878f334dc530ab28216c2f184.jpg,0,False,False,False
Contact_95_sslo_png_jpg.rf.c5b3219878f334dc530ab28216c2f184.jpg,0,False,False,False
Contact_95_sslo_png_jpg.rf.c5b3219878f334dc530ab28216c2f184.jpg,0,False,False,False
Contact_95_sslo_png_jpg.rf.c5b3219878f334dc530ab28216c2f184.jpg,0,False,False,False
Contact_96_sslo_png_jpg.rf.d58cea03c2750c0e3f5259ce95f68e58.jpg,0,False,False,False
Contact_96_sslo_png_jpg.rf.d58cea03c2750c0e3f5259ce95f68e58.jpg,0,False,False,False
Contact_96_sslo_png_jpg.rf.d58cea03c2750c0e3f5259ce95f68e58.jpg,0,False,False,False
Contact_96_sslo_png_jpg.rf.d58cea03c2750c0e3f5259ce95f68e58.jpg,0,False,False,False
Contact_96_sslo_png_jpg.rf.d58cea03c2750c0e3f5259ce95f68e58.jpg,0,False,False,False
Contact_96_sslo_png_jpg.rf.d58cea03c2750c0e3f5259ce95f68e58.jpg,0,False,False,False
Contact_96_sslo_png_jpg.rf.d58cea03c2750c0e3f5259ce95f68e58.jpg,0,False,False,False
Contact_97_sslo_png_jpg.rf.ea31142c6fbf416460bc5c75db6afa7d.jpg,0,False,False,False
Contact_97_sslo_png_jpg.rf.ea31142c6fbf416460bc5c75db6afa7d.jpg,0,False,False,False
Contact_97_sslo_png_jpg.rf.ea31142c6fbf416460bc5c75db6afa7d.jpg,0,False,False,False
Contact_97_sslo_png_jpg.rf.ea31142c6fbf416460bc5c75db6afa7d.jpg,0,False,False,False
Contact_98_sslo_png_jpg.rf.a70f6b0256c76710d7aa969e34934177.jpg,0,False,False,False
Contact_98_sslo_png_jpg.rf.a70f6b0256c76710d7aa969e34934177.jpg,0,False,False,False
Contact_98_sslo_png_jpg.rf.a70f6b0256c76710d7aa969e34934177.jpg,0,False,False,False
Contact_98_sslo_png_jpg.rf.a70f6b0256c76710d7aa969e34934177.jpg,0,False,False,False
Contact_98_sslo_png_jpg.rf.a70f6b0256c76710d7aa969e34934177.jpg,0,False,False,False
Contact_98_sslo_png_jpg.rf.a70f6b0256c76710d7aa969e34934177.jpg,0,False,False,False
Contact_98_sslo_png_jpg.rf.a70f6b0256c76710d7aa969e34934177.jpg,0,False,False,False
Contact_98_sslo_png_jpg.rf.a70f6b0256c76710d7aa969e34934177.jpg,0,False,True,False
Contact_98_sslo_png_jpg.rf.a70f6b0256c76710d7aa969e34934177.jpg,0,False,False,False
Contact_99_sslo_png_jpg.rf.2493dfd047757b25f196781c432e29bb.jpg,0,False,False,False
Contact_99_sslo_png_jpg.rf.2493dfd047757b25f196781c432e29bb.jpg,0,False,False,False
Contact_99_sslo_png_jpg.rf.2493dfd047757b25f196781c432e29bb.jpg,0,False,False,False
Contact_99_sslo_png_jpg.rf.2493dfd047757b25f196781c432e29bb.jpg,0,False,False,False
Contact_99_sslo_png_jpg.rf.2493dfd047757b25f196781c432e29bb.jpg,0,False,False,False
Contact_99_sslo_png_jpg.rf.2493dfd047757b25f196781c432e29bb.jpg,0,False,False,False
Contact_9_sslo_png_jpg.rf.303cc4068a68b96ab2ed0d7a9211b1b1.jpg,0,False,False,False
milco_0001_2015.jpg,4,True,True,True
milco_0001_2015.jpg,4,False,True,False
milco_0001_2015.jpg,4,False,False,False
milco_0001_2017.jpg,4,True,True,True
milco_0002_2015.jpg,4,True,True,True
milco_0002_2015.jpg,4,False,False,False
milco_0002_2015.jpg,4,True,True,True
milco_0005_2017.jpg,4,True,True,True
milco_0006_2015.jpg,4,False,False,False
milco_0010_2017.jpg,4,True,True,True
milco_0010_2017.jpg,4,True,True,True
milco_0010_2017.jpg,4,True,True,True
milco_0013_2015.jpg,4,True,True,True
milco_0013_2021.jpg,4,False,False,False
milco_0014_2017.jpg,4,True,True,True
milco_0014_2017.jpg,4,True,True,True
milco_0016_2015.jpg,4,True,True,True
milco_0016_2015.jpg,4,False,False,False
milco_0017_2015.jpg,4,True,True,True
milco_0019_2021.jpg,4,True,True,True
milco_0021_2015.jpg,4,True,True,True
milco_0021_2015.jpg,4,False,False,False
milco_0021_2015.jpg,4,False,False,False
milco_0021_2015.jpg,4,False,False,False
milco_0022_2018.jpg,4,True,True,True
milco_0025_2015.jpg,4,True,True,True
milco_0026_2015.jpg,4,True,True,True
milco_0027_2021.jpg,4,True,True,True
milco_0028_2015.jpg,4,True,True,True
milco_0030_2015.jpg,4,True,True,True
milco_0030_2015.jpg,4,True,True,True
milco_0030_2015.jpg,4,True,True,True
milco_0031_2021.jpg,4,True,True,True
milco_0037_2015.jpg,4,True,True,True
milco_0037_2018.jpg,4,True,True,True
milco_0038_2015.jpg,4,True,True,True
milco_0038_2015.jpg,4,False,False,False
milco_0038_2015.jpg,4,True,True,True
milco_0038_2015.jpg,4,True,True,True
milco_0039_2015.jpg,4,True,True,True
milco_0039_2015.jpg,4,False,False,False
milco_0039_2015.jpg,4,False,False,False
milco_0039_2015.jpg,4,True,True,True
milco_0040_2015.jpg,4,True,True,True
milco_0040_2015.jpg,4,True,True,True
milco_0040_2015.jpg,4,False,False,False
milco_0040_2015.jpg,4,True,True,True
milco_0056_2015.jpg,4,True,True,True
milco_0056_2015.jpg,4,True,True,True
milco_0056_2015.jpg,4,True,True,True
milco_0059_2015.jpg,4,True,True,True
milco_0059_2015.jpg,4,False,False,False
milco_0059_2015.jpg,4,False,False,False
milco_0059_2015.jpg,4,True,True,True
milco_0059_2015.jpg,4,True,True,True
milco_0060_2015.jpg,4,True,True,True
milco_0062_2015.jpg,4,False,False,False
milco_0062_2015.jpg,4,True,True,True
milco_0062_2015.jpg,4,True,True,True
milco_0064_2015.jpg,4,True,True,True
milco_0067_2015.jpg,4,True,True,True
milco_0067_2015.jpg,4,True,True,True
milco_0071_2015.jpg,4,True,True,True
milco_0071_2015.jpg,4,True,True,True
milco_0074_2015.jpg,4,True,True,True
milco_0074_2015.jpg,4,True,True,True
milco_0076_2015.jpg,4,True,True,True
milco_0076_2015.jpg,4,False,False,False
milco_0076_2015.jpg,4,True,True,True
milco_0079_2018.jpg,4,True,True,True
milco_0080_2018.jpg,4,False,False,False
milco_0083_2015.jpg,4,True,True,True
milco_0083_2015.jpg,4,False,True,False
milco_0083_2015.jpg,4,True,True,True
milco_0084_2015.jpg,4,True,True,True
milco_0084_2015.jpg,4,True,True,True
milco_0088_2015.jpg,4,True,True,True
milco_0088_2015.jpg,4,True,True,True
milco_0089_2015.jpg,4,True,True,True
milco_0089_2015.jpg,4,True,True,True
milco_0104_2015.jpg,4,True,True,True
milco_0104_2015.jpg,4,True,True,True
milco_0105_2015.jpg,4,True,True,True
milco_0105_2015.jpg,4,True,True,True
milco_0106_2015.jpg,4,True,True,True
milco_0106_2015.jpg,4,True,True,True
milco_0111_2015.jpg,4,True,True,True
milco_0111_2015.jpg,4,True,True,True
milco_0111_2015.jpg,4,False,False,False
milco_0212_2018.jpg,4,True,True,True
milco_0322_2010.jpg,4,True,True,True
milco_0335_2018.jpg,4,True,True,True
milco_0338_2010.jpg,4,True,True,True
milco_0367_2018.jpg,4,True,True,True
milco_0367_2018.jpg,4,False,False,False
milco_0368_2018.jpg,4,True,True,True
milco_0368_2018.jpg,4,False,True,False
milco_0379_2018.jpg,4,True,True,True
milco_0444_2018.jpg,4,True,True,True
milco_0455_2018.jpg,4,False,False,False
milco_0455_2018.jpg,4,True,True,True
mine_0001_2017.jpg,4,True,True,True
mine_0004_2017.jpg,4,True,True,True
mine_0008_2015.jpg,4,False,False,False
mine_0008_2015.jpg,4,False,False,False
mine_0008_2015.jpg,4,True,True,True
mine_0008_2015.jpg,4,True,True,True
mine_0008_2015.jpg,4,True,True,True
mine_0008_2015.jpg,4,True,True,True
mine_0008_2015.jpg,4,False,False,False
mine_0013_2021.jpg,4,False,False,False
mine_0015_2015.jpg,4,True,True,True
mine_0015_2015.jpg,4,True,True,True
mine_0015_2015.jpg,4,False,False,False
mine_0019_2015.jpg,4,True,True,True
mine_0019_2015.jpg,4,True,True,True
mine_0020_2015.jpg,4,False,True,False
mine_0020_2015.jpg,4,True,True,True
mine_0027_2015.jpg,4,True,False,True
mine_0027_2015.jpg,4,True,True,True
mine_0027_2015.jpg,4,True,True,True
mine_0035_2015.jpg,4,True,True,True
mine_0035_2015.jpg,4,True,True,True
mine_0037_2018.jpg,4,True,True,True
mine_0038_2015.jpg,4,True,True,True
mine_0038_2015.jpg,4,True,True,True
mine_0038_2015.jpg,4,False,False,False
mine_0038_2015.jpg,4,False,False,False
mine_0038_2015.jpg,4,True,True,True
mine_0041_2015.jpg,4,True,True,True
mine_0042_2015.jpg,4,True,True,True
mine_0043_2015.jpg,4,False,False,False
mine_0043_2015.jpg,4,True,True,True
mine_0048_2018.jpg,4,False,False,False
mine_0050_2015.jpg,4,True,True,True
mine_0050_2015.jpg,4,False,True,False
mine_0050_2015.jpg,4,True,True,True
mine_0050_2015.jpg,4,False,False,False
mine_0050_2015.jpg,4,True,True,True
mine_0050_2015.jpg,4,True,True,True
mine_0050_2015.jpg,4,False,False,False
mine_0057_2015.jpg,4,False,False,False
mine_0057_2015.jpg,4,False,False,False
mine_0057_2015.jpg,4,False,False,False
mine_0057_2015.jpg,4,False,False,False
mine_0057_2015.jpg,4,True,True,True
mine_0057_2015.jpg,4,False,True,False
mine_0057_2015.jpg,4,True,True,True
mine_0057_2015.jpg,4,False,False,False
mine_0057_2015.jpg,4,True,True,True
mine_0068_2018.jpg,4,True,True,True
mine_0072_2015.jpg,4,True,False,True
mine_0072_2015.jpg,4,False,False,False
mine_0072_2015.jpg,4,False,False,False
mine_0072_2015.jpg,4,True,True,True
mine_0073_2015.jpg,4,False,False,False
mine_0073_2015.jpg,4,False,False,False
mine_0073_2015.jpg,4,False,False,False
mine_0073_2015.jpg,4,True,True,True
mine_0075_2015.jpg,4,False,False,False
mine_0075_2015.jpg,4,True,True,True
mine_0075_2015.jpg,4,False,True,False
mine_0075_2015.jpg,4,True,True,True
mine_0083_2015.jpg,4,True,True,True
mine_0083_2015.jpg,4,False,False,False
mine_0083_2015.jpg,4,True,True,True
mine_0098_2015.jpg,4,True,True,True
mine_0107_2015.jpg,4,True,True,True
mine_0107_2015.jpg,4,False,False,False
mine_0107_2015.jpg,4,True,True,True
mine_0120_2015.jpg,4,True,True,True
mine_0147_2018.jpg,4,True,True,True
mine_0166_2018.jpg,4,False,False,False
mine_0270_2018.jpg,4,False,False,False
mine_0302_2010.jpg,4,True,True,True
mine_0313_2010.jpg,4,False,False,False
mine_0316_2010.jpg,4,False,False,False
mine_0316_2010.jpg,4,True,True,True
mine_0318_2010.jpg,4,True,True,True
mine_0325_2010.jpg,4,True,True,True
mine_0325_2010.jpg,4,True,True,True
mine_0336_2018.jpg,4,False,False,False
mine_0336_2018.jpg,4,False,False,False
mine_0339_2010.jpg,4,True,True,True
mine_0365_2018.jpg,4,False,False,False
mine_0365_2018.jpg,4,True,True,True
mine_0365_2018.jpg,4,True,True,True
mine_0370_2018.jpg,4,True,True,True
mine_0376_2018.jpg,4,True,True,True
mine_0378_2018.jpg,4,True,True,True
mine_0387_2018.jpg,4,True,True,True
mine_0388_2018.jpg,4,True,True,True
mine_0457_2018.jpg,4,True,True,True
mine_0464_2018.jpg,4,True,True,True
pipe_1693569396.779_x1500.jpg,1,True,True,True
pipe_1693569397.779_x3500.jpg,1,True,True,True
pipe_1693569402.779_x1500.jpg,1,True,True,True
pipe_1693569403.779_x1500.jpg,1,True,True,True
pipe_1693569406.779_x1500.jpg,1,True,True,True
pipe_1693569415.790_x3000.jpg,1,True,True,True
pipe_1693569415.790_x3500.jpg,1,True,True,True
pipe_1693569420.790_x1500.jpg,1,True,True,True
pipe_1693569422.789_x3000.jpg,1,True,True,True
pipe_1693569422.789_x3500.jpg,1,True,True,True
pipe_1693569423.789_x3000.jpg,1,True,True,True
pipe_1693569423.789_x3500.jpg,1,True,True,True
pipe_1693569426.789_x1500.jpg,1,True,True,True
pipe_1693569439.790_x3000.jpg,1,True,True,True
pipe_1693569439.790_x3500.jpg,1,True,True,True
pipe_1693569441.790_x1500.jpg,1,True,True,True
pipe_1693569443.790_x1500.jpg,1,True,True,True
pipe_1693569445.790_x3000.jpg,1,True,True,True
pipe_1693569445.790_x3500.jpg,1,True,True,True
pipe_1693569450.790_x1500.jpg,1,True,True,True
pipe_1693569451.790_x3000.jpg,1,True,True,True
pipe_1693569451.790_x3500.jpg,1,True,True,True
pipe_1693569454.790_x1500.jpg,1,True,True,True
pipe_1693569469.799_x3000.jpg,1,True,True,True
pipe_1693569469.799_x3500.jpg,1,True,True,True
pipe_1693569479.799_x3000.jpg,1,True,True,True
pipe_1693569479.799_x3500.jpg,1,True,True,True
pipe_1693569484.800_x3000.jpg,1,True,True,True
pipe_1693569484.800_x3500.jpg,1,True,True,True
pipe_1693569485.800_x1500.jpg,1,True,True,True
pipe_1693569492.800_x3000.jpg,1,True,True,True
pipe_1693569492.800_x3500.jpg,1,True,True,True
pipe_1693569496.799_x1500.jpg,1,True,True,True
pipe_1693569502.799_x1500.jpg,1,True,True,True
pipe_1693569510.799_x3000.jpg,1,True,True,True
pipe_1693569510.799_x3500.jpg,1,True,True,True
pipe_1693569512.810_x1500.jpg,1,True,True,True
pipe_1693569520.810_x1500.jpg,1,True,True,True
pipe_1693569521.810_x1500.jpg,1,True,True,True
pipe_1693569540.810_x3000.jpg,1,True,True,True
pipe_1693569540.810_x3500.jpg,1,True,True,True
pipe_1693569542.809_x1500.jpg,1,True,True,True
pipe_1693569545.809_x3000.jpg,1,True,True,True
pipe_1693569545.809_x3500.jpg,1,True,True,True
pipe_1693569546.809_x3000.jpg,1,True,True,True
pipe_1693569546.809_x3500.jpg,1,True,True,True
pipe_1693569553.810_x3000.jpg,1,True,True,True
pipe_1693569553.810_x3500.jpg,1,True,True,True
pipe_1693569558.809_x1500.jpg,1,True,True,True
pipe_1693569560.809_x3000.jpg,1,True,True,True
pipe_1693569560.809_x3500.jpg,1,True,True,True
pipe_1693569561.809_x3000.jpg,1,True,True,True
pipe_1693569561.809_x3500.jpg,1,True,True,True
pipe_1693569563.809_x3000.jpg,1,True,True,True
pipe_1693569563.809_x3500.jpg,1,True,True,True
pipe_1693569589.819_x3000.jpg,1,True,True,True
pipe_1693569589.819_x3500.jpg,1,True,True,True
pipe_1693569596.819_x1500.jpg,1,True,True,True
pipe_1693569599.819_x3000.jpg,1,True,True,True
pipe_1693569599.819_x3500.jpg,1,True,True,True
pipe_1693569608.819_x1500.jpg,1,True,True,True
pipe_1693569613.829_x3000.jpg,1,True,True,True
pipe_1693569613.829_x3500.jpg,1,True,True,True
pipe_1693569615.829_x3000.jpg,1,True,True,True
pipe_1693569615.829_x3500.jpg,1,True,True,True
pipe_1693569618.829_x3000.jpg,1,True,True,True
pipe_1693569618.829_x3500.jpg,1,True,True,True
pipe_1693569624.829_x1500.jpg,1,True,True,True
pipe_1693569637.830_x3000.jpg,1,True,True,True
pipe_1693569637.830_x3500.jpg,1,True,True,True
pipe_1693569639.830_x1500.jpg,1,True,True,True
pipe_1693569651.830_x1500.jpg,1,True,True,True
pipe_1693569654.830_x1500.jpg,1,True,True,True
pipe_1693569659.830_x3000.jpg,1,True,True,True
pipe_1693569659.830_x3500.jpg,1,True,True,True
pipe_1693569663.829_x3000.jpg,1,True,True,True
pipe_1693569663.829_x3500.jpg,1,True,True,True
pipe_1693569664.840_x3000.jpg,1,True,True,True
pipe_1693569664.840_x3500.jpg,1,True,True,True
pipe_1693569665.840_x1500.jpg,1,True,True,True
pipe_1693569667.840_x1500.jpg,1,True,True,True
pipe_1693569671.840_x1500.jpg,1,True,True,True
pipe_1693569671.840_x3000.jpg,1,True,True,True
pipe_1693569671.840_x3500.jpg,1,True,True,True
pipe_1693569686.840_x3500.jpg,1,True,True,True
pipe_1693569691.840_x1500.jpg,1,True,True,True
pipe_1693569694.840_x3000.jpg,1,True,True,True
pipe_1693569694.840_x3500.jpg,1,True,True,True
pipe_1693569695.840_x1500.jpg,1,True,True,True
pipe_1693569697.840_x3000.jpg,1,True,True,True
pipe_1693569697.840_x3500.jpg,1,True,True,True
pipe_1693569712.849_x3500.jpg,1,True,True,True
pipe_1693569715.849_x3500.jpg,1,True,True,True
pipe_1693569718.849_x3500.jpg,1,True,True,True
pipe_1693569721.850_x3500.jpg,1,True,True,True
pipe_1693569725.849_x3500.jpg,1,True,True,True
pipe_1693569728.850_x1500.jpg,1,True,True,True
pipe_1693569735.850_x3500.jpg,1,True,True,True
pipe_1693569737.850_x3500.jpg,1,True,True,True
pipe_1693569739.850_x3500.jpg,1,True,True,True
pipe_1693569742.850_x1500.jpg,1,True,True,True
pipe_1693569765.860_x1500.jpg,1,True,True,True
pipe_1693569767.860_x3500.jpg,1,True,True,True
pipe_1693569771.860_x3500.jpg,1,True,True,True
pipe_1693569776.860_x1500.jpg,1,True,True,True
pipe_1693569787.860_x1500.jpg,1,True,True,True
pipe_1693569789.859_x1500.jpg,1,True,True,True
pipe_1693569794.859_x1500.jpg,1,True,True,True
pipe_1693569797.860_x1500.jpg,1,True,True,True
pipe_1693569798.860_x3500.jpg,1,True,True,True
pipe_1693569807.860_x1500.jpg,1,True,True,True
pipe_1693569812.860_x1500.jpg,1,True,True,True
pipe_1693569813.860_x3500.jpg,1,True,True,True
pipe_1693569814.869_x1500.jpg,1,True,True,True
pipe_1693569822.869_x1500.jpg,1,True,True,True
pipe_1693569831.869_x3500.jpg,1,True,True,True
pipe_1693569831.869_x4000.jpg,1,True,True,True
pipe_1693569837.869_x3500.jpg,1,True,True,True
pipe_1693569837.869_x4000.jpg,1,True,True,True
pipe_1693569841.870_x3500.jpg,1,True,True,True
pipe_1693569847.869_x1500.jpg,1,False,False,False
pipe_1693569859.870_x3500.jpg,1,True,True,True
pipe_1693569859.870_x4000.jpg,1,True,True,True
pipe_1693569862.870_x1500.jpg,1,True,True,True
pipe_1693570030.960_x3500.jpg,1,True,True,True
pipe_1693570039.959_x1500.jpg,1,True,True,True
pipe_1693570099.969_x1500.jpg,1,True,True,True
pipe_1693570103.969_x3500.jpg,1,True,True,True
pipe_1693570104.969_x1500.jpg,1,True,True,True
pipe_1693570104.969_x3500.jpg,1,True,True,True
pipe_1693570115.970_x1500.jpg,1,True,True,True
pipe_1693570120.979_x3500.jpg,1,True,True,True
pipe_1693570126.979_x1500.jpg,1,True,True,True
pipe_1693570128.979_x3500.jpg,1,True,True,True
pipe_1693570135.979_x3500.jpg,1,True,True,True
pipe_1693570138.979_x1500.jpg,1,True,True,True
pipe_1693570142.980_x1500.jpg,1,True,True,True
pipe_1693570144.980_x1500.jpg,1,True,True,True
pipe_1693570163.979_x1500.jpg,1,True,True,True
pipe_1693570167.979_x1500.jpg,1,True,True,True
pipe_1693570206.989_x1500.jpg,1,True,True,True
pipe_1693570210.989_x1500.jpg,1,True,True,True
pipe_1693570212.989_x1500.jpg,1,True,True,True
pipe_1693570214.989_x1500.jpg,1,True,True,True
pipe_1693570221.000_x1500.jpg,1,True,True,True
pipe_1693573373.819_x0.jpg,1,True,True,True
pipe_1693573373.819_x500.jpg,1,True,True,True
synth_ghost_net_00007.png,3,True,True,True
synth_ghost_net_00026.png,3,True,True,True
synth_ghost_net_00028.png,3,True,True,True
synth_ghost_net_00031.png,3,True,True,True
synth_ghost_net_00033.png,3,True,True,True
synth_ghost_net_00045.png,3,True,True,True
synth_ghost_net_00047.png,3,True,True,True
synth_ghost_net_00058.png,3,True,True,True
synth_ghost_net_00068.png,3,True,True,True
synth_ghost_net_00072.png,3,True,True,True
synth_ghost_net_00074.png,3,True,True,True
synth_ghost_net_00081.png,3,True,True,True
synth_ghost_net_00082.png,3,True,True,True
synth_ghost_net_00090.png,3,True,True,True
synth_ghost_net_00095.png,3,True,True,True
synth_ghost_net_00096.png,3,True,True,True
synth_ghost_net_00100.png,3,True,True,True
synth_ghost_net_00104.png,3,True,True,True
synth_ghost_net_00105.png,3,True,True,True
synth_ghost_net_00115.png,3,True,True,True
synth_ghost_net_00128.png,3,True,True,True
synth_ghost_net_00143.png,3,True,True,True
synth_ghost_net_00147.png,3,True,True,True
synth_ghost_net_00160.png,3,True,True,True
synth_ghost_net_00164.png,3,True,True,True
synth_ghost_net_00167.png,3,True,True,True
synth_ghost_net_00168.png,3,True,True,True
synth_ghost_net_00176.png,3,True,True,True
synth_ghost_net_00197.png,3,True,True,True
synth_ghost_net_00204.png,3,True,True,True
synth_ghost_net_00215.png,3,True,True,True
synth_ghost_net_00217.png,3,True,True,True
synth_ghost_net_00218.png,3,True,True,True
synth_ghost_net_00221.png,3,True,True,True
synth_ghost_net_00224.png,3,True,True,True
synth_ghost_net_00225.png,3,True,True,True
synth_ghost_net_00226.png,3,True,True,True
synth_ghost_net_00229.png,3,True,True,True
synth_ghost_net_00234.png,3,True,True,True
synth_ghost_net_00235.png,3,True,True,True
synth_ghost_net_00239.png,3,True,True,True
synth_ghost_net_00251.png,3,True,True,True
synth_ghost_net_00253.png,3,True,True,True
synth_ghost_net_00271.png,3,True,True,True
synth_ghost_net_00272.png,3,True,True,True
synth_ghost_net_00274.png,3,True,True,True
synth_ghost_net_00275.png,3,True,True,True
synth_ghost_net_00277.png,3,True,True,True
synth_ghost_net_00282.png,3,True,True,True
synth_ghost_net_00285.png,3,True,True,True
synth_ghost_net_00297.png,3,True,True,True
synth_ghost_net_00301.png,3,True,True,True
synth_ghost_net_00323.png,3,True,True,True
synth_ghost_net_00324.png,3,True,True,True
synth_ghost_net_00333.png,3,True,True,True
synth_ghost_net_00345.png,3,True,True,True
synth_ghost_net_00349.png,3,True,True,True
synth_ghost_net_00353.png,3,True,True,True
synth_ghost_net_00364.png,3,True,True,True
synth_ghost_net_00368.png,3,True,True,True
synth_ghost_net_00371.png,3,True,True,True
synth_ghost_net_00374.png,3,True,True,True
synth_ghost_net_00380.png,3,True,True,True
synth_ghost_net_00388.png,3,True,True,True
synth_ghost_net_00389.png,3,True,True,True
synth_ghost_net_00390.png,3,True,True,True
synth_ghost_net_00406.png,3,True,True,True
synth_ghost_net_00411.png,3,True,True,True
synth_ghost_net_00430.png,3,True,True,True
synth_ghost_net_00433.png,3,True,True,True
synth_ghost_net_00460.png,3,True,True,True
synth_ghost_net_00465.png,3,True,True,True
synth_ghost_net_00470.png,3,True,True,True
synth_ghost_net_00471.png,3,True,True,True
synth_ghost_net_00474.png,3,True,True,True
synth_ghost_net_00512.png,3,True,True,True
synth_ghost_net_00518.png,3,True,True,True
synth_ghost_net_00547.png,3,True,True,True
synth_ghost_net_00550.png,3,True,True,True
synth_ghost_net_00559.png,3,True,True,True
synth_ghost_net_00566.png,3,True,True,True
synth_ghost_net_00571.png,3,True,True,True
synth_ghost_net_00575.png,3,True,True,True
synth_ghost_net_00581.png,3,True,True,True
synth_ghost_net_00592.png,3,True,True,True
synth_ghost_net_00604.png,3,True,True,True
synth_ghost_net_00605.png,3,True,True,True
synth_ghost_net_00617.png,3,True,True,True
synth_ghost_net_00619.png,3,True,True,True
synth_ghost_net_00624.png,3,True,True,True
synth_ghost_net_00634.png,3,True,True,True
synth_ghost_net_00644.png,3,True,True,True
synth_ghost_net_00651.png,3,True,True,True
synth_ghost_net_00655.png,3,True,True,True
synth_ghost_net_00656.png,3,True,True,True
synth_ghost_net_00659.png,3,True,True,True
synth_ghost_net_00664.png,3,True,True,True
synth_ghost_net_00666.png,3,True,True,True
synth_ghost_net_00672.png,3,True,True,True
synth_ghost_net_00678.png,3,True,True,True
synth_ghost_net_00687.png,3,True,True,True
synth_ghost_net_00693.png,3,True,True,True
synth_ghost_net_00700.png,3,True,True,True
synth_ghost_net_00702.png,3,True,True,True
synth_ghost_net_00705.png,3,True,True,True
synth_ghost_net_00715.png,3,True,True,True
synth_ghost_net_00719.png,3,True,True,True
synth_ghost_net_00722.png,3,True,True,True
synth_ghost_net_00734.png,3,True,True,True
synth_ghost_net_00736.png,3,True,True,True
synth_ghost_net_00747.png,3,True,True,True
synth_ghost_net_00748.png,3,True,True,True
synth_ghost_net_00755.png,3,True,True,True
synth_ghost_net_00759.png,3,True,True,True
synth_ghost_net_00760.png,3,True,True,True
synth_ghost_net_00763.png,3,True,True,True
synth_ghost_net_00778.png,3,True,True,True
synth_ghost_net_00782.png,3,True,True,True
synth_ghost_net_00787.png,3,True,True,True
synth_ghost_net_00792.png,3,True,True,True
synth_ghost_net_00816.png,3,True,True,True
synth_ghost_net_00826.png,3,True,True,True
synth_ghost_net_00827.png,3,True,True,True
synth_ghost_net_00829.png,3,True,True,True
synth_ghost_net_00850.png,3,True,True,True
synth_ghost_net_00857.png,3,True,True,True
synth_ghost_net_00866.png,3,True,True,True
synth_ghost_net_00872.png,3,True,True,True
synth_ghost_net_00880.png,3,True,True,True
synth_ghost_net_00884.png,3,True,True,True
synth_ghost_net_00885.png,3,True,True,True
synth_ghost_net_00888.png,3,True,True,True
synth_ghost_net_00891.png,3,True,True,True
synth_ghost_net_00893.png,3,True,True,True
synth_ghost_net_00895.png,3,True,True,True
wreckA_DM_Wilson_10_y1280_x1088.jpg,2,False,False,False
wreckA_DM_Wilson_10_y1280_x960.jpg,2,False,False,False
wreckA_DM_Wilson_10_y320_x1088.jpg,2,True,True,True
wreckA_DM_Wilson_10_y320_x1088.jpg,2,False,False,False
wreckA_DM_Wilson_10_y320_x1088.jpg,2,True,True,True
wreckA_DM_Wilson_10_y320_x1088.jpg,2,False,False,False
wreckA_DM_Wilson_10_y320_x320.jpg,2,True,True,True
wreckA_DM_Wilson_10_y320_x640.jpg,2,True,True,True
wreckA_DM_Wilson_10_y320_x960.jpg,2,True,True,True
wreckA_DM_Wilson_10_y320_x960.jpg,2,False,True,False
wreckA_DM_Wilson_10_y320_x960.jpg,2,False,False,False
wreckA_DM_Wilson_10_y320_x960.jpg,2,True,True,True
wreckA_DM_Wilson_10_y640_x0.jpg,2,True,True,True
wreckA_DM_Wilson_10_y640_x0.jpg,2,False,False,False
wreckA_DM_Wilson_10_y640_x1088.jpg,2,False,False,False
wreckA_DM_Wilson_10_y640_x1088.jpg,2,False,False,False
wreckA_DM_Wilson_10_y640_x1088.jpg,2,True,True,True
wreckA_DM_Wilson_10_y640_x1088.jpg,2,False,False,False
wreckA_DM_Wilson_10_y640_x1088.jpg,2,False,False,False
wreckA_DM_Wilson_10_y640_x1088.jpg,2,True,True,True
wreckA_DM_Wilson_10_y640_x320.jpg,2,True,True,True
wreckA_DM_Wilson_10_y640_x320.jpg,2,True,True,True
wreckA_DM_Wilson_10_y640_x320.jpg,2,False,False,False
wreckA_DM_Wilson_10_y640_x640.jpg,2,True,True,True
wreckA_DM_Wilson_10_y640_x640.jpg,2,True,True,True
wreckA_DM_Wilson_10_y640_x960.jpg,2,True,True,True
wreckA_DM_Wilson_10_y640_x960.jpg,2,False,True,False
wreckA_DM_Wilson_10_y640_x960.jpg,2,False,False,False
wreckA_DM_Wilson_10_y640_x960.jpg,2,True,True,True
wreckA_DM_Wilson_10_y640_x960.jpg,2,False,False,False
wreckA_DM_Wilson_10_y640_x960.jpg,2,True,True,True
wreckA_DM_Wilson_10_y960_x0.jpg,2,True,True,True
wreckA_DM_Wilson_10_y960_x0.jpg,2,True,True,True
wreckA_DM_Wilson_10_y960_x1088.jpg,2,False,False,False
wreckA_DM_Wilson_10_y960_x1088.jpg,2,True,True,True
wreckA_DM_Wilson_10_y960_x1088.jpg,2,False,False,False
wreckA_DM_Wilson_10_y960_x1088.jpg,2,True,True,True
wreckA_DM_Wilson_10_y960_x1088.jpg,2,False,False,False
wreckA_DM_Wilson_10_y960_x320.jpg,2,False,False,False
wreckA_DM_Wilson_10_y960_x320.jpg,2,True,True,True
wreckA_DM_Wilson_10_y960_x320.jpg,2,True,True,True
wreckA_DM_Wilson_10_y960_x640.jpg,2,True,True,True
wreckA_DM_Wilson_10_y960_x640.jpg,2,True,True,True
wreckA_DM_Wilson_10_y960_x960.jpg,2,False,False,False
wreckA_DM_Wilson_10_y960_x960.jpg,2,True,True,True
wreckA_DM_Wilson_10_y960_x960.jpg,2,False,False,False
wreckA_DM_Wilson_10_y960_x960.jpg,2,True,True,True
wreckA_DM_Wilson_10_y960_x960.jpg,2,False,True,False
wreckA_EB_Allen_23_y0_x0.jpg,2,True,True,True
wreckA_EB_Allen_23_y0_x0.jpg,2,False,False,False
wreckA_EB_Allen_23_y0_x1088.jpg,2,False,False,False
wreckA_EB_Allen_23_y0_x1088.jpg,2,False,False,False
wreckA_EB_Allen_23_y0_x320.jpg,2,True,True,True
wreckA_EB_Allen_23_y0_x320.jpg,2,False,False,False
wreckA_EB_Allen_23_y0_x640.jpg,2,True,True,True
wreckA_EB_Allen_23_y0_x960.jpg,2,True,True,True
wreckA_EB_Allen_23_y320_x0.jpg,2,True,True,True
wreckA_EB_Allen_23_y320_x0.jpg,2,False,False,False
wreckA_EB_Allen_23_y320_x0.jpg,2,True,True,True
wreckA_EB_Allen_23_y320_x1088.jpg,2,False,False,False
wreckA_EB_Allen_23_y320_x1088.jpg,2,True,True,True
wreckA_EB_Allen_23_y320_x320.jpg,2,True,True,True
wreckA_EB_Allen_23_y320_x320.jpg,2,False,False,False
wreckA_EB_Allen_23_y320_x320.jpg,2,True,True,True
wreckA_EB_Allen_23_y320_x640.jpg,2,True,True,True
wreckA_EB_Allen_23_y320_x960.jpg,2,True,True,True
wreckA_EB_Allen_23_y640_x0.jpg,2,True,True,True
wreckA_EB_Allen_23_y640_x1088.jpg,2,True,True,True
wreckA_EB_Allen_23_y640_x320.jpg,2,True,True,True
wreckA_EB_Allen_23_y640_x640.jpg,2,True,True,True
wreckA_EB_Allen_23_y640_x960.jpg,2,True,True,True
wreckA_EB_Allen_23_y960_x1088.jpg,2,True,True,True
wreckA_Egyptian_13_y0_x0.jpg,2,True,True,True
wreckA_Egyptian_13_y0_x1088.jpg,2,False,False,False
wreckA_Egyptian_13_y0_x1088.jpg,2,False,False,False
wreckA_Egyptian_13_y0_x1088.jpg,2,False,False,False
wreckA_Egyptian_13_y0_x1088.jpg,2,True,True,True
wreckA_Egyptian_13_y0_x1088.jpg,2,False,False,False
wreckA_Egyptian_13_y0_x1088.jpg,2,True,True,True
wreckA_Egyptian_13_y0_x1088.jpg,2,True,True,True
wreckA_Egyptian_13_y0_x1088.jpg,2,True,True,True
wreckA_Egyptian_13_y0_x1088.jpg,2,False,False,False
wreckA_Egyptian_13_y0_x1088.jpg,2,False,False,False
wreckA_Egyptian_13_y0_x320.jpg,2,True,True,True
wreckA_Egyptian_13_y0_x640.jpg,2,True,True,True
wreckA_Egyptian_13_y320_x640.jpg,2,True,True,True
wreckA_Egyptian_15_y0_x0.jpg,2,True,True,True
wreckA_Egyptian_15_y0_x1088.jpg,2,True,True,True
wreckA_Egyptian_15_y0_x640.jpg,2,False,False,False
wreckA_Egyptian_15_y0_x960.jpg,2,False,False,False
wreckA_Egyptian_15_y320_x0.jpg,2,True,True,True
wreckA_Egyptian_15_y320_x1088.jpg,2,True,True,True
wreckA_Egyptian_15_y320_x320.jpg,2,True,True,True
wreckA_Egyptian_15_y320_x640.jpg,2,True,False,True
wreckA_Egyptian_15_y320_x960.jpg,2,False,False,False
wreckA_Isaac_M_Scott_02_y640_x1088.jpg,2,True,True,True
wreckA_Isaac_M_Scott_02_y640_x1088.jpg,2,False,False,False
wreckA_Isaac_M_Scott_02_y640_x320.jpg,2,True,True,True
wreckA_Isaac_M_Scott_02_y640_x960.jpg,2,True,True,True
wreckA_Isaac_M_Scott_02_y640_x960.jpg,2,False,False,False
wreckA_Isaac_M_Scott_02_y960_x1088.jpg,2,True,True,True
wreckA_Isaac_M_Scott_02_y960_x1088.jpg,2,False,False,False
wreckA_Isaac_M_Scott_02_y960_x320.jpg,2,True,True,True
wreckA_Isaac_M_Scott_02_y960_x640.jpg,2,False,False,False
wreckA_Isaac_M_Scott_02_y960_x640.jpg,2,True,True,True
wreckA_Isaac_M_Scott_02_y960_x960.jpg,2,True,True,True
wreckA_Isaac_M_Scott_02_y960_x960.jpg,2,False,False,False
wreckA_Near_Shore_04_y2240_x0.jpg,2,True,True,True
wreckA_Near_Shore_04_y2560_x0.jpg,2,True,True,True
wreckA_Near_Shore_04_y2880_x0.jpg,2,True,True,True
wreckA_Near_Shore_04_y2880_x0.jpg,2,False,False,False
wreckA_Near_Shore_04_y2880_x320.jpg,2,True,True,True
wreckA_Near_Shore_04_y3200_x0.jpg,2,True,True,True
wreckA_Near_Shore_04_y3200_x0.jpg,2,False,False,False
wreckA_Near_Shore_04_y3200_x320.jpg,2,True,True,True
wreckA_Near_Shore_04_y320_x0.jpg,2,True,True,True
wreckA_Near_Shore_04_y320_x1088.jpg,2,True,True,True
wreckA_Near_Shore_04_y640_x1088.jpg,2,True,True,True
wreckA_Near_Shore_04_y8640_x1088.jpg,2,False,False,False
wreckA_Near_Shore_04_y8640_x960.jpg,2,False,False,False
wreckA_Near_Shore_04_y8687_x1088.jpg,2,False,False,False
wreckA_Near_Shore_05_y5120_x0.jpg,2,False,False,False
wreckA_Near_Shore_05_y5440_x0.jpg,2,True,True,True
wreckA_Near_Shore_05_y5440_x320.jpg,2,True,True,True
wreckA_Near_Shore_05_y5760_x0.jpg,2,True,True,True
wreckA_Near_Shore_05_y5760_x0.jpg,2,True,True,True
wreckA_Near_Shore_05_y5760_x320.jpg,2,True,True,True
wreckA_Near_Shore_05_y5760_x320.jpg,2,True,True,True
wreckA_Near_Shore_05_y6080_x0.jpg,2,True,True,True
wreckA_Near_Shore_05_y6080_x0.jpg,2,True,True,True
wreckA_Near_Shore_05_y6080_x320.jpg,2,True,True,True
wreckA_Near_Shore_05_y6080_x320.jpg,2,True,True,True
wreckA_Near_Shore_05_y6400_x0.jpg,2,False,True,False
wreckA_Near_Shore_05_y6400_x0.jpg,2,False,True,False
wreckA_Near_Shore_05_y6400_x0.jpg,2,False,False,False
wreckA_Near_Shore_05_y6720_x0.jpg,2,True,True,True
wreckA_Near_Shore_05_y6720_x0.jpg,2,False,False,False
wreckA_Near_Shore_05_y6720_x320.jpg,2,True,True,True
wreckA_Oscar_T_Flint_14_y320_x1088.jpg,2,True,True,True
wreckA_Oscar_T_Flint_14_y640_x1088.jpg,2,True,True,True
wreckA_Oscar_T_Flint_14_y960_x1088.jpg,2,True,True,True
wreckA_Pewabic_02_y0_x0.jpg,2,True,True,True
wreckA_Pewabic_02_y1185_x1088.jpg,2,False,False,False
wreckA_Pewabic_02_y1185_x960.jpg,2,False,False,False
wreckA_Pewabic_02_y320_x0.jpg,2,False,False,False
wreckA_Pewabic_02_y320_x1088.jpg,2,True,True,True
wreckA_Pewabic_02_y320_x640.jpg,2,False,False,False
wreckA_Pewabic_02_y320_x960.jpg,2,True,True,True
wreckA_Pewabic_02_y640_x1088.jpg,2,True,True,True
wreckA_Pewabic_02_y640_x1088.jpg,2,True,True,True
wreckA_Pewabic_02_y640_x1088.jpg,2,False,False,False
wreckA_Pewabic_02_y640_x640.jpg,2,False,False,False
wreckA_Pewabic_02_y640_x960.jpg,2,True,True,True
wreckA_Pewabic_02_y640_x960.jpg,2,True,True,True
wreckA_Pewabic_02_y640_x960.jpg,2,False,False,False
wreckA_Pewabic_02_y960_x1088.jpg,2,True,True,True
wreckA_Pewabic_02_y960_x1088.jpg,2,True,True,True
wreckA_Pewabic_02_y960_x1088.jpg,2,False,True,False
wreckA_Pewabic_02_y960_x960.jpg,2,True,True,True
wreckA_Pewabic_02_y960_x960.jpg,2,True,True,True
wreckA_Pewabic_02_y960_x960.jpg,2,False,False,False
wreckA_Pewabic_04_y320_x1088.jpg,2,True,True,True
wreckA_Pewabic_04_y320_x1088.jpg,2,False,False,False
wreckA_Pewabic_04_y320_x1088.jpg,2,False,False,False
wreckA_Pewabic_04_y320_x640.jpg,2,True,True,True
wreckA_Pewabic_04_y320_x960.jpg,2,True,True,True
wreckA_Pewabic_04_y320_x960.jpg,2,False,False,False
wreckA_Pewabic_04_y320_x960.jpg,2,False,False,False
wreckA_Pewabic_04_y640_x1088.jpg,2,True,True,True
wreckA_Pewabic_04_y640_x1088.jpg,2,False,False,False
wreckA_Pewabic_04_y640_x1088.jpg,2,False,False,False
wreckA_Pewabic_04_y640_x640.jpg,2,True,True,True
wreckA_Pewabic_04_y640_x960.jpg,2,True,True,True
wreckA_Pewabic_04_y640_x960.jpg,2,False,False,False
wreckA_Pewabic_04_y640_x960.jpg,2,False,False,False
wreckA_Pewabic_05_y1194_x1088.jpg,2,False,False,False
wreckA_Pewabic_05_y1194_x640.jpg,2,False,False,False
wreckA_Pewabic_05_y1194_x960.jpg,2,False,False,False
wreckA_Pewabic_05_y320_x1088.jpg,2,False,False,False
wreckA_Pewabic_05_y320_x960.jpg,2,False,False,False
wreckA_Pewabic_05_y640_x1088.jpg,2,True,True,True
wreckA_Pewabic_05_y640_x640.jpg,2,True,True,True
wreckA_Pewabic_05_y640_x960.jpg,2,True,True,True
wreckA_Pewabic_05_y960_x1088.jpg,2,True,True,True
wreckA_Pewabic_05_y960_x640.jpg,2,True,True,True
wreckA_Pewabic_05_y960_x960.jpg,2,True,True,True
wreckA_WP_Rend_04_y1272_x0.jpg,2,True,True,True
wreckA_WP_Rend_04_y1272_x1088.jpg,2,False,False,False
wreckA_WP_Rend_04_y1272_x320.jpg,2,False,False,False
wreckA_WP_Rend_04_y1272_x320.jpg,2,True,True,True
wreckA_WP_Rend_04_y1272_x640.jpg,2,False,True,False
wreckA_WP_Rend_04_y1272_x640.jpg,2,False,False,False
wreckA_WP_Rend_04_y1272_x640.jpg,2,False,False,False
wreckA_WP_Rend_04_y1272_x960.jpg,2,False,False,False
wreckA_WP_Rend_04_y1272_x960.jpg,2,False,False,False
wreckA_WP_Rend_04_y1272_x960.jpg,2,False,False,False
wreckA_WP_Rend_04_y320_x0.jpg,2,False,False,False
wreckA_WP_Rend_04_y320_x1088.jpg,2,True,True,True
wreckA_WP_Rend_04_y320_x320.jpg,2,False,False,False
wreckA_WP_Rend_04_y320_x320.jpg,2,False,False,False
wreckA_WP_Rend_04_y320_x640.jpg,2,True,True,True
wreckA_WP_Rend_04_y320_x640.jpg,2,True,True,True
wreckA_WP_Rend_04_y320_x960.jpg,2,True,True,True
wreckA_WP_Rend_04_y640_x0.jpg,2,True,True,True
wreckA_WP_Rend_04_y640_x0.jpg,2,True,True,True
wreckA_WP_Rend_04_y640_x0.jpg,2,True,True,True
wreckA_WP_Rend_04_y640_x0.jpg,2,False,True,False
wreckA_WP_Rend_04_y640_x1088.jpg,2,True,True,True
wreckA_WP_Rend_04_y640_x1088.jpg,2,False,True,False
wreckA_WP_Rend_04_y640_x1088.jpg,2,False,False,False
wreckA_WP_Rend_04_y640_x1088.jpg,2,False,False,False
wreckA_WP_Rend_04_y640_x1088.jpg,2,False,True,False
wreckA_WP_Rend_04_y640_x1088.jpg,2,True,True,True
wreckA_WP_Rend_04_y640_x1088.jpg,2,True,True,True
wreckA_WP_Rend_04_y640_x640.jpg,2,True,True,True
wreckA_WP_Rend_04_y640_x640.jpg,2,True,True,True
wreckA_WP_Rend_04_y640_x640.jpg,2,False,False,False
wreckA_WP_Rend_04_y640_x640.jpg,2,False,False,False
wreckA_WP_Rend_04_y640_x640.jpg,2,False,False,False
wreckA_WP_Rend_04_y640_x640.jpg,2,False,False,False
wreckA_WP_Rend_04_y640_x640.jpg,2,True,True,True
wreckA_WP_Rend_04_y640_x640.jpg,2,False,False,False
wreckA_WP_Rend_04_y640_x640.jpg,2,False,False,False
wreckA_WP_Rend_04_y640_x960.jpg,2,True,True,True
wreckA_WP_Rend_04_y640_x960.jpg,2,False,True,False
wreckA_WP_Rend_04_y640_x960.jpg,2,False,False,False
wreckA_WP_Rend_04_y640_x960.jpg,2,False,False,False
wreckA_WP_Rend_04_y640_x960.jpg,2,False,False,False
wreckA_WP_Rend_04_y640_x960.jpg,2,True,True,True
wreckA_WP_Rend_04_y640_x960.jpg,2,False,False,False
wreckA_WP_Rend_04_y640_x960.jpg,2,True,True,True
wreckA_WP_Rend_04_y640_x960.jpg,2,True,True,True
wreckA_WP_Rend_04_y960_x0.jpg,2,True,True,True
wreckA_WP_Rend_04_y960_x0.jpg,2,True,True,True
wreckA_WP_Rend_04_y960_x0.jpg,2,True,True,True
wreckA_WP_Rend_04_y960_x0.jpg,2,False,True,False
wreckA_WP_Rend_04_y960_x0.jpg,2,True,True,True
wreckA_WP_Rend_04_y960_x1088.jpg,2,False,False,False
wreckA_WP_Rend_04_y960_x1088.jpg,2,False,True,False
wreckA_WP_Rend_04_y960_x1088.jpg,2,False,False,False
wreckA_WP_Rend_04_y960_x1088.jpg,2,False,False,False
wreckA_WP_Rend_04_y960_x1088.jpg,2,False,False,False
wreckA_WP_Rend_04_y960_x1088.jpg,2,True,True,True
wreckA_WP_Rend_04_y960_x1088.jpg,2,False,False,False
wreckA_WP_Rend_04_y960_x320.jpg,2,True,True,True
wreckA_WP_Rend_04_y960_x320.jpg,2,False,False,False
wreckA_WP_Rend_04_y960_x320.jpg,2,False,False,False
wreckA_WP_Rend_04_y960_x320.jpg,2,True,True,True
wreckA_WP_Rend_04_y960_x320.jpg,2,True,True,True
wreckA_WP_Rend_04_y960_x320.jpg,2,True,True,True
wreckA_WP_Rend_04_y960_x320.jpg,2,False,False,False
wreckA_WP_Rend_04_y960_x320.jpg,2,False,False,False
wreckA_WP_Rend_04_y960_x320.jpg,2,True,True,True
wreckA_WP_Rend_04_y960_x640.jpg,2,True,True,True
wreckA_WP_Rend_04_y960_x640.jpg,2,False,False,False
wreckA_WP_Rend_04_y960_x640.jpg,2,False,False,False
wreckA_WP_Rend_04_y960_x640.jpg,2,False,False,False
wreckA_WP_Rend_04_y960_x640.jpg,2,False,False,False
wreckA_WP_Rend_04_y960_x640.jpg,2,False,False,False
wreckA_WP_Rend_04_y960_x640.jpg,2,True,True,True
wreckA_WP_Rend_04_y960_x640.jpg,2,False,False,False
wreckA_WP_Rend_04_y960_x640.jpg,2,False,True,False
wreckA_WP_Rend_04_y960_x640.jpg,2,False,False,False
wreckA_WP_Rend_04_y960_x640.jpg,2,False,False,False
wreckA_WP_Rend_04_y960_x640.jpg,2,False,False,False
wreckA_WP_Rend_04_y960_x960.jpg,2,False,False,False
wreckA_WP_Rend_04_y960_x960.jpg,2,False,True,False
wreckA_WP_Rend_04_y960_x960.jpg,2,False,False,False
wreckA_WP_Rend_04_y960_x960.jpg,2,False,False,False
wreckA_WP_Rend_04_y960_x960.jpg,2,False,False,False
wreckA_WP_Rend_04_y960_x960.jpg,2,True,True,True
wreckA_WP_Rend_04_y960_x960.jpg,2,False,True,False
wreckA_WP_Rend_04_y960_x960.jpg,2,False,False,False
wreckA_WP_Rend_04_y960_x960.jpg,2,False,False,False
wreckA_WP_Rend_04_y960_x960.jpg,2,False,False,False
wreckA_WP_Rend_04_y960_x960.jpg,2,False,False,False
wreckA_WP_Rend_10_y1600_x1088.jpg,2,False,False,False
wreckA_WP_Rend_10_y1600_x1088.jpg,2,True,True,True
wreckA_WP_Rend_10_y1600_x320.jpg,2,True,True,True
wreckA_WP_Rend_10_y1600_x640.jpg,2,True,True,True
wreckA_WP_Rend_10_y1600_x640.jpg,2,False,False,False
wreckA_WP_Rend_10_y1600_x640.jpg,2,True,True,True
wreckA_WP_Rend_10_y1600_x640.jpg,2,True,True,True
wreckA_WP_Rend_10_y1600_x640.jpg,2,False,False,False
wreckA_WP_Rend_10_y1600_x960.jpg,2,False,False,False
wreckA_WP_Rend_10_y1600_x960.jpg,2,True,True,True
wreckA_WP_Rend_10_y1600_x960.jpg,2,True,True,True
wreckA_WP_Rend_10_y1600_x960.jpg,2,True,True,True
wreckA_WP_Rend_10_y1920_x0.jpg,2,False,False,False
wreckA_WP_Rend_10_y1920_x0.jpg,2,False,False,False
wreckA_WP_Rend_10_y1920_x0.jpg,2,False,False,False
wreckA_WP_Rend_10_y1920_x0.jpg,2,False,False,False
wreckA_WP_Rend_10_y1920_x320.jpg,2,False,False,False
wreckA_WP_Rend_10_y1920_x320.jpg,2,False,False,False
wreckA_WP_Rend_10_y1920_x320.jpg,2,False,False,False
wreckA_WP_Rend_10_y1920_x960.jpg,2,False,False,False
wreckA_WP_Rend_10_y1920_x960.jpg,2,True,True,True
wreckA_WP_Rend_10_y1920_x960.jpg,2,True,True,True
wreckA_WP_Rend_10_y1920_x960.jpg,2,True,True,True
wreckA_WP_Rend_10_y1920_x960.jpg,2,False,False,False
wreckA_WP_Rend_10_y1920_x960.jpg,2,False,True,False
wreckA_WP_Rend_10_y1920_x960.jpg,2,True,True,True
wreckA_WP_Rend_10_y1920_x960.jpg,2,False,False,False
wreckA_WP_Rend_10_y1920_x960.jpg,2,False,False,False
wreckA_WP_Rend_10_y1920_x960.jpg,2,False,False,False
wreckA_WP_Rend_10_y1920_x960.jpg,2,False,False,False
wreckA_WP_Rend_10_y1920_x960.jpg,2,False,False,False
wreckA_WP_Rend_10_y1920_x960.jpg,2,False,False,False
wreckA_WP_Rend_10_y2240_x0.jpg,2,True,True,True
wreckA_WP_Rend_10_y2240_x0.jpg,2,False,False,False
wreckA_WP_Rend_10_y2240_x0.jpg,2,False,False,False
wreckA_WP_Rend_10_y2240_x1088.jpg,2,False,False,False
wreckA_WP_Rend_10_y2240_x1088.jpg,2,True,True,True
wreckA_WP_Rend_10_y2240_x1088.jpg,2,False,False,False
wreckA_WP_Rend_10_y2240_x1088.jpg,2,False,False,False
wreckA_WP_Rend_10_y2240_x1088.jpg,2,False,False,False
wreckA_WP_Rend_10_y2240_x1088.jpg,2,False,False,False
wreckA_WP_Rend_10_y2240_x1088.jpg,2,False,False,False
wreckA_WP_Rend_10_y2240_x1088.jpg,2,False,False,False
wreckA_WP_Rend_10_y2240_x1088.jpg,2,False,False,False
wreckA_WP_Rend_10_y2240_x1088.jpg,2,False,False,False
wreckA_WP_Rend_10_y2240_x1088.jpg,2,True,True,True
wreckA_WP_Rend_10_y2240_x1088.jpg,2,True,True,True
wreckA_WP_Rend_10_y2240_x1088.jpg,2,False,False,False
wreckA_WP_Rend_10_y2240_x320.jpg,2,True,True,True
wreckA_WP_Rend_10_y2240_x320.jpg,2,False,False,False
wreckA_WP_Rend_10_y2240_x320.jpg,2,False,False,False
wreckA_WP_Rend_10_y2240_x640.jpg,2,True,True,True
wreckA_WP_Rend_10_y2240_x640.jpg,2,False,False,False
wreckA_WP_Rend_10_y2240_x640.jpg,2,False,False,False
wreckA_WP_Rend_10_y2240_x640.jpg,2,True,True,True
wreckA_WP_Rend_10_y2240_x640.jpg,2,False,False,False
wreckA_WP_Rend_10_y2240_x640.jpg,2,False,False,False
wreckA_WP_Rend_10_y2240_x640.jpg,2,False,False,False
wreckA_WP_Rend_10_y2240_x640.jpg,2,False,False,False
wreckA_WP_Rend_10_y2240_x640.jpg,2,False,False,False
wreckA_WP_Rend_10_y2240_x960.jpg,2,False,False,False
wreckA_WP_Rend_10_y2240_x960.jpg,2,False,False,False
wreckA_WP_Rend_10_y2240_x960.jpg,2,True,True,True
wreckA_WP_Rend_10_y2240_x960.jpg,2,False,False,False
wreckA_WP_Rend_10_y2240_x960.jpg,2,False,False,False
wreckA_WP_Rend_10_y2240_x960.jpg,2,False,False,False
wreckA_WP_Rend_10_y2240_x960.jpg,2,False,False,False
wreckA_WP_Rend_10_y2240_x960.jpg,2,False,False,False
wreckA_WP_Rend_10_y2240_x960.jpg,2,False,False,False
wreckA_WP_Rend_10_y2240_x960.jpg,2,False,False,False
wreckA_WP_Rend_10_y2240_x960.jpg,2,True,True,True
wreckA_WP_Rend_10_y2240_x960.jpg,2,True,True,True
wreckA_WP_Rend_10_y2240_x960.jpg,2,False,False,False
wreckA_WP_Rend_10_y2560_x0.jpg,2,True,True,True
wreckA_WP_Rend_10_y2560_x0.jpg,2,False,False,False
wreckA_WP_Rend_10_y2560_x1088.jpg,2,False,False,False
wreckA_WP_Rend_10_y2560_x1088.jpg,2,True,True,True
wreckA_WP_Rend_10_y2560_x1088.jpg,2,False,False,False
wreckA_WP_Rend_10_y2560_x1088.jpg,2,False,False,False
wreckA_WP_Rend_10_y2560_x1088.jpg,2,True,True,True
wreckA_WP_Rend_10_y2560_x1088.jpg,2,True,True,True
wreckA_WP_Rend_10_y2560_x1088.jpg,2,False,False,False
wreckA_WP_Rend_10_y2560_x1088.jpg,2,True,True,True
wreckA_WP_Rend_10_y2560_x1088.jpg,2,False,False,False
wreckA_WP_Rend_10_y2560_x1088.jpg,2,False,False,False
wreckA_WP_Rend_10_y2560_x1088.jpg,2,False,False,False
wreckA_WP_Rend_10_y2560_x1088.jpg,2,True,True,True
wreckA_WP_Rend_10_y2560_x1088.jpg,2,False,False,False
wreckA_WP_Rend_10_y2560_x1088.jpg,2,False,False,False
wreckA_WP_Rend_10_y2560_x1088.jpg,2,False,False,False
wreckA_WP_Rend_10_y2560_x320.jpg,2,False,False,False
wreckA_WP_Rend_10_y2560_x320.jpg,2,False,False,False
wreckA_WP_Rend_10_y2560_x640.jpg,2,False,False,False
wreckA_WP_Rend_10_y2560_x640.jpg,2,False,False,False
wreckA_WP_Rend_10_y2560_x640.jpg,2,False,False,False
wreckA_WP_Rend_10_y2560_x640.jpg,2,True,True,True
wreckA_WP_Rend_10_y2560_x640.jpg,2,False,False,False
wreckA_WP_Rend_10_y2560_x640.jpg,2,False,False,False
wreckA_WP_Rend_10_y2560_x640.jpg,2,False,False,False
wreckA_WP_Rend_10_y2560_x640.jpg,2,True,True,True
wreckA_WP_Rend_10_y2560_x640.jpg,2,False,False,False
wreckA_WP_Rend_10_y2560_x640.jpg,2,False,False,False
wreckA_WP_Rend_10_y2560_x640.jpg,2,False,False,False
wreckA_WP_Rend_10_y2560_x960.jpg,2,False,False,False
wreckA_WP_Rend_10_y2560_x960.jpg,2,True,True,True
wreckA_WP_Rend_10_y2560_x960.jpg,2,False,False,False
wreckA_WP_Rend_10_y2560_x960.jpg,2,True,True,True
wreckA_WP_Rend_10_y2560_x960.jpg,2,True,True,True
wreckA_WP_Rend_10_y2560_x960.jpg,2,False,False,False
wreckA_WP_Rend_10_y2560_x960.jpg,2,True,True,True
wreckA_WP_Rend_10_y2560_x960.jpg,2,False,False,False
wreckA_WP_Rend_10_y2560_x960.jpg,2,False,False,False
wreckA_WP_Rend_10_y2560_x960.jpg,2,False,False,False
wreckA_WP_Rend_10_y2560_x960.jpg,2,False,False,False
wreckA_WP_Rend_10_y2560_x960.jpg,2,True,True,True
wreckA_WP_Rend_10_y2560_x960.jpg,2,False,False,False
wreckA_WP_Rend_10_y2560_x960.jpg,2,False,False,False
wreckA_WP_Rend_10_y2560_x960.jpg,2,False,False,False
wreckA_WP_Rend_10_y2880_x0.jpg,2,True,True,True
wreckA_WP_Rend_10_y2880_x0.jpg,2,False,False,False
wreckA_WP_Rend_10_y2880_x0.jpg,2,False,False,False
wreckA_WP_Rend_10_y2880_x0.jpg,2,False,True,False
wreckA_WP_Rend_10_y2880_x1088.jpg,2,False,False,False
wreckA_WP_Rend_10_y2880_x1088.jpg,2,False,False,False
wreckA_WP_Rend_10_y2880_x1088.jpg,2,False,False,False
wreckA_WP_Rend_10_y2880_x1088.jpg,2,False,False,False
wreckA_WP_Rend_10_y2880_x1088.jpg,2,True,True,True
wreckA_WP_Rend_10_y2880_x1088.jpg,2,False,False,False
wreckA_WP_Rend_10_y2880_x1088.jpg,2,False,False,False
wreckA_WP_Rend_10_y2880_x1088.jpg,2,False,True,False
wreckA_WP_Rend_10_y2880_x1088.jpg,2,False,False,False
wreckA_WP_Rend_10_y2880_x1088.jpg,2,True,True,True
wreckA_WP_Rend_10_y2880_x320.jpg,2,False,False,False
wreckA_WP_Rend_10_y2880_x320.jpg,2,False,False,False
wreckA_WP_Rend_10_y2880_x320.jpg,2,False,False,False
wreckA_WP_Rend_10_y2880_x320.jpg,2,False,False,False
wreckA_WP_Rend_10_y2880_x640.jpg,2,False,False,False
wreckA_WP_Rend_10_y2880_x640.jpg,2,False,False,False
wreckA_WP_Rend_10_y2880_x640.jpg,2,False,False,False
wreckA_WP_Rend_10_y2880_x640.jpg,2,False,False,False
wreckA_WP_Rend_10_y2880_x640.jpg,2,False,False,False
wreckA_WP_Rend_10_y2880_x640.jpg,2,True,True,True
wreckA_WP_Rend_10_y2880_x640.jpg,2,False,False,False
wreckA_WP_Rend_10_y2880_x640.jpg,2,False,False,False
wreckA_WP_Rend_10_y2880_x640.jpg,2,True,True,True
wreckA_WP_Rend_10_y2880_x640.jpg,2,True,True,True
wreckA_WP_Rend_10_y2880_x960.jpg,2,False,False,False
wreckA_WP_Rend_10_y2880_x960.jpg,2,False,False,False
wreckA_WP_Rend_10_y2880_x960.jpg,2,False,False,False
wreckA_WP_Rend_10_y2880_x960.jpg,2,False,False,False
wreckA_WP_Rend_10_y2880_x960.jpg,2,False,False,False
wreckA_WP_Rend_10_y2880_x960.jpg,2,True,True,True
wreckA_WP_Rend_10_y2880_x960.jpg,2,False,False,False
wreckA_WP_Rend_10_y2880_x960.jpg,2,False,False,False
wreckA_WP_Rend_10_y2880_x960.jpg,2,True,True,True
wreckA_WP_Rend_10_y2880_x960.jpg,2,True,True,True
wreckA_WP_Rend_10_y2880_x960.jpg,2,True,True,True
wreckA_WP_Rend_10_y3200_x0.jpg,2,True,True,True
wreckA_WP_Rend_10_y3200_x0.jpg,2,False,True,False
wreckA_WP_Rend_10_y3200_x0.jpg,2,False,True,False
wreckA_WP_Rend_10_y3200_x1088.jpg,2,False,False,False
wreckA_WP_Rend_10_y3200_x1088.jpg,2,True,True,True
wreckA_WP_Rend_10_y3200_x320.jpg,2,True,True,True
wreckA_WP_Rend_10_y3200_x320.jpg,2,False,False,False
wreckA_WP_Rend_10_y3200_x320.jpg,2,False,True,False
wreckA_WP_Rend_10_y3200_x640.jpg,2,True,True,True
wreckA_WP_Rend_10_y3200_x640.jpg,2,False,False,False
wreckA_WP_Rend_10_y3200_x960.jpg,2,False,False,False
wreckA_WP_Rend_10_y3200_x960.jpg,2,True,True,True
wreckA_WP_Rend_10_y640_x320.jpg,2,True,True,True
wreckA_WP_Rend_10_y640_x640.jpg,2,True,True,True
wreckA_WP_Rend_10_y960_x320.jpg,2,True,True,True
wreckA_WP_Rend_10_y960_x640.jpg,2,True,True,True
wreckR_plane-006_png.rf.c2b0288e5d87a9aa07e6114b94e69376.jpg,2,True,True,True
wreckR_plane-019_png.rf.749f0139cee6d4ef655023042ee55286.jpg,2,True,True,True
wreckR_plane-026_png.rf.83b73eda255d201557bd9da6b5ec9e3e.jpg,2,True,True,True
wreckR_plane-028_png.rf.ab8719b9f665418e94edbe9244b4d971.jpg,2,True,True,True
wreckR_plane-029_png.rf.a532e299b7b467bfb18f25b93c85fe77.jpg,2,True,True,True
wreckR_plane-032_png.rf.368c3234570baa5e97916b1a2450ca8c.jpg,2,True,True,True
wreckR_plane-038_png.rf.722bdc669bfb0f17368512913904f89b.jpg,2,False,False,False
wreckR_plane-039_png.rf.8545fb972e5d318d5b8b4b117de06c81.jpg,2,True,True,True
wreckR_plane-047_png.rf.8a66fe222a4c42140afb8bc675b287ed.jpg,2,True,True,True
wreckR_plane-059_png.rf.1fc9b28a356fab0656e297c851c2a4cc.jpg,2,True,True,True
wreckR_plane-065_png.rf.d75fdfc2dcb660c09f2dbf3ef1db5e0f.jpg,2,True,True,True
wreckR_ship-003_png.rf.a8c4f3fc634da11e3dbe93fc2d33b84c.jpg,2,True,True,True
wreckR_ship-008_png.rf.7c368d77846785e313a18db50f41a720.jpg,2,False,False,False
wreckR_ship-017_png.rf.9993bac1ef097ce525df1ae439ddf498.jpg,2,True,True,True
wreckR_ship-023_png.rf.35e52034527f8c28a43701a5b81ca8af.jpg,2,True,True,True
wreckR_ship-028_png.rf.cf785926dbec52131cd1e95de48f0fee.jpg,2,True,True,True
wreckR_ship-029_png.rf.33f6f4b2e273ab75d9ec5db4fb202078.jpg,2,True,True,True
wreckR_ship-031_png.rf.54ea42362d82881453fde4e4c9c8285e.jpg,2,True,True,True
wreckR_ship-035_png.rf.a97e98e35d532d07a21b335c50d79f46.jpg,2,True,True,True
wreckR_ship-042_png.rf.53bfd28c4c7b54df6b17a8e7ffc89b0c.jpg,2,True,True,True
wreckR_ship-043_png.rf.c963203f0d23ca4ee7a690847fa62eb7.jpg,2,True,True,True
wreckR_ship-060_png.rf.6579a035b3c6182aaaa97695d9fb0f87.jpg,2,True,True,True
wreckR_ship-070_png.rf.1884498d2e557e0f93ce0a30a3e9e2aa.jpg,2,True,True,True
wreckR_ship-073_png.rf.488cb42175b67b2ed040c8a9073eb035.jpg,2,True,True,True
wreckR_ship-076_png.rf.c9b275e2aaf2a3e18e458a6a2b99394b.jpg,2,True,True,True
wreckR_ship-084_png.rf.9f4e6e4bd6e4f1f772b9f1d5780e2364.jpg,2,False,False,False
wreckR_ship-096_png.rf.7fd12bee589fa7c796fb2ca81a2cb8d2.jpg,2,True,True,True
wreckR_ship-097_png.rf.192cce895b8b302eb19bf03286328cea.jpg,2,True,True,True
wreckR_ship-099_png.rf.fe87ee1ac48b1776bb9e7e00e3dfb589.jpg,2,True,True,True
wreckR_ship-103_png.rf.bbb8e3a975c28051c6a2f020bf9d4406.jpg,2,True,True,True
wreckR_ship-105_png.rf.599a612e38387a40e9f837b67d5216bb.jpg,2,False,False,False
wreckR_ship-114_png.rf.0da9e39ed261d477ef44277d2c0cd010.jpg,2,True,True,True
wreckR_ship-129_png.rf.791487c78ef44dbe525e8596d46e307e.jpg,2,True,True,True
wreckR_ship-139_png.rf.3c945ef0932a743001ea068ada8ec0f8.jpg,2,True,True,True
wreckR_ship-140_png.rf.d25413274437a7f70cdaa39882e141b7.jpg,2,True,True,True
wreckR_ship-149_png.rf.d4977737404af739baa9fefef30637d6.jpg,2,True,True,True
wreckR_ship-154_png.rf.b8250762644862219c0314f4221b92a4.jpg,2,True,True,True
wreckR_ship-157_png.rf.51d846edd6ea0562ab5f78476ef4c4a5.jpg,2,True,True,True
wreckR_ship-176_png.rf.65b0d559f9df8aa5b39a2c9421ec7dcf.jpg,2,True,True,True
wreckR_ship-184_png.rf.ad8468f08930bc0f66ce025755da8aa3.jpg,2,True,True,True
wreckR_ship-189_png.rf.9e73d430bd665d18968bb0216505697b.jpg,2,True,True,True
wreckR_ship-190_png.rf.0ebeb73bf8c9d64906f68c998af3c99d.jpg,2,True,True,True
wreckR_ship-199_png.rf.6f61f1fb083a5a22bc0caf3487064991.jpg,2,True,True,True
wreckR_ship-208_png.rf.fc520618a8cce2bf426c55c74a82359e.jpg,2,True,True,True
wreckR_ship-220_png.rf.aeaf7f1ae24a2467d94d67607d017458.jpg,2,True,True,True
wreckR_ship-222_png.rf.660170403b4befddaec8009739dbee6d.jpg,2,True,True,True
wreckR_ship-224_png.rf.133aa1af543e51dc90158fc9e7434199.jpg,2,True,True,True
wreckR_ship-225_png.rf.aa14f4f3717596e3743b0e5494dc37db.jpg,2,True,True,True
wreckR_ship-232_png.rf.59a4585f97b8dd2dfc61aec5f263bb53.jpg,2,True,True,True
wreckR_ship-235_png.rf.c6881366b6d7bd718ba512953f6e5a83.jpg,2,True,True,True
wreckR_ship-236_png.rf.03a31cc02dd6413eda0dbfe3bf07c9d6.jpg,2,False,False,False
wreckR_ship-243_png.rf.86dc38b65e432f201c666c7c3e09b657.jpg,2,True,True,True
wreckR_ship-245_png.rf.0b05095baa619f1ed28e707c2ff21009.jpg,2,True,True,True
wreckR_ship-257_png.rf.413ab170d93e063b85af43dd20c6a042.jpg,2,False,False,False
wreckR_ship-263_png.rf.f4974874e8ebb282285a3128295b4f8b.jpg,2,True,True,True
wreckR_ship-264_png.rf.d75caa501aaf140db08b599e8e4b51f6.jpg,2,True,True,True
wreckR_ship-267_png.rf.32b2d0a5dad396f6a7858ef4f609c66f.jpg,2,True,True,True
wreckR_ship-275_png.rf.1e879f7a7bdba7e12f7bf7db1e8c857b.jpg,2,True,True,True
wreckR_ship-277_png.rf.6a7252fb761d1f71f3d47ec12112a75a.jpg,2,True,True,True
wreckR_ship-286_png.rf.8ee8ddbb3110d05fab646c24d4c40cab.jpg,2,True,True,True
wreckR_ship-303_png.rf.4583e851d634e879770a3c45dd4077f7.jpg,2,False,False,False
wreckR_ship-313_png.rf.2961fd48b08c2c87dc5a0054eaabcc99.jpg,2,True,True,True
wreckR_ship-320_png.rf.50d3fe9e8a855c36250f2d29e3a563a4.jpg,2,True,True,True
wreckR_ship-325_png.rf.a86d2b9d5f20260c5fee472f305b5108.jpg,2,True,True,True
wreckR_ship-335_png.rf.80f6d5b9a9fab708e5f1f3e4277afd58.jpg,2,True,True,True
wreckR_ship-336_png.rf.62b36f59b3b2593754521d94839392f5.jpg,2,True,True,True
wreckR_ship-343_png.rf.d9c137db2f7a1e44bcd577d25d6eb043.jpg,2,True,True,True
wreckR_ship-352_png.rf.48bbfdf59cc4c6caeca5aca5b095dc95.jpg,2,True,True,True
wreckR_ship-353_png.rf.df53a32ea455caed69c3c19733a47e64.jpg,2,True,True,True
wreckR_ship-361_png.rf.3a228c27b873867892a0aceef9fe5894.jpg,2,True,True,True
wreckR_ship-371_png.rf.5bfc9390e41bbc34b6563b55fea2d4c8.jpg,2,True,True,True
wreckR_ship-375_png.rf.637192d48c3a9b649b9a5e75906c6b48.jpg,2,True,True,True
wreckR_ship-376_png.rf.478934af437cc9aa0041e1e5802ffe45.jpg,2,True,True,True
wreckR_ship-406_png.rf.8ae7c0471b0f00c84f2eff1eb29cc708.jpg,2,True,True,True
wreckR_ship-408_png.rf.4cea040ec768e10cbc27067b3d100c2d.jpg,2,False,False,False
wreckR_ship-413_png.rf.59a2c96a67679676bc6963ce94802105.jpg,2,True,True,True
wreckR_ship-415_png.rf.0e14667015e2e27e64ad3b4316b91371.jpg,2,True,True,True
wreckR_ship-416_png.rf.1f693721e3334d8a4fbce906e8cd5f19.jpg,2,True,True,True
wreckR_ship-417_png.rf.d34ef8f2d5f86cf568c3b1ac8436e4e4.jpg,2,True,True,True
wreckR_ship-419_png.rf.27a4ed4fd9c73afa22fb77430c2bcb70.jpg,2,True,True,True
wreckR_ship-420_png.rf.7291be4191ca97dc30898577b6256dae.jpg,2,False,True,False
wreckR_ship-422_png.rf.4b57c559472ef531ba3f130760b154b8.jpg,2,True,True,True
wreckR_ship-442_png.rf.83d88a393d764caddc63299788ce8853.jpg,2,True,True,True
wreckR_ship-447_png.rf.75615842e2477538935888f303a83cc0.jpg,2,True,True,True
wreckR_ship-452_png.rf.87e59bd89f59a5f68db99c891d54f4ad.jpg,2,True,True,True
wreckR_ship-457_png.rf.49b27be1a33bc047780dd8b6a5e7ed2d.jpg,2,True,True,True
wreckR_ship-458_png.rf.23d29fcb9c72bb26a29a96e999ac3ea8.jpg,2,False,False,False
wreckR_ship-463_png.rf.baa6c9c5b6e79b1e016c61e93b1ff75b.jpg,2,True,True,True
wreckR_ship-463_png.rf.baa6c9c5b6e79b1e016c61e93b1ff75b.jpg,2,False,False,False
wreckR_ship-464_png.rf.694f42c25502c31a84aa408138fe647d.jpg,2,True,True,True
wreckR_ship-468_png.rf.9241c3fc3d7fd790d09035f9138b4da2.jpg,2,True,True,True
wreckR_ship-468_png.rf.9241c3fc3d7fd790d09035f9138b4da2.jpg,2,True,True,True
wreckR_ship-473_png.rf.93c9d2e4f13f14bb2c14cbc977770e0d.jpg,2,True,True,True
wreckR_ship-476_png.rf.9d3b952671bafde68c7daf2823b458dd.jpg,2,True,True,True
wreckR_ship-480_png.rf.1e2fc01d74ec118d14bcef65f7d94bc7.jpg,2,True,True,True
